symbol,company,nse_industry,yf_ticker,universe_source
360ONE,360 ONE WAM Ltd.,Financial Services,360ONE.NS,NSE Nifty 500 (https://archives.nseindia.com/content/indices/ind_nifty500list.csv)
ABB,ABB India Ltd.,Capital Goods,ABB.NS,NSE Nifty 500 (https://archives.nseindia.com/content/indices/ind_nifty500list.csv)
ACC,ACC Ltd.,Construction Materials,ACC.NS,NSE Nifty 500 (https://archives.nseindia.com/content/indices/ind_nifty500list.csv)
ACMESOLAR,ACME Solar Holdings Ltd.,Power,ACMESOLAR.NS,NSE Nifty 500 (https://archives.nseindia.com/content/indices/ind_nifty500list.csv)
AIAENG,AIA Engineering Ltd.,Capital Goods,AIAENG.NS,NSE Nifty 500 (https://archives.nseindia.com/content/indices/ind_nifty500list.csv)
APLAPOLLO,APL Apollo Tubes Ltd.,Capital Goods,APLAPOLLO.NS,NSE Nifty 500 (https://archives.nseindia.com/content/indices/ind_nifty500list.csv)
AUBANK,AU Small Finance Bank Ltd.,Financial Services,AUBANK.NS,NSE Nifty 500 (https://archives.nseindia.com/content/indices/ind_nifty500list.csv)
AWL,AWL Agri Business Ltd.,Fast Moving Consumer Goods,AWL.NS,NSE Nifty 500 (https://archives.nseindia.com/content/indices/ind_nifty500list.csv)
AADHARHFC,Aadhar Housing Finance Ltd.,Financial Services,AADHARHFC.NS,NSE Nifty 500 (https://archives.nseindia.com/content/indices/ind_nifty500list.csv)
AARTIIND,Aarti Industries Ltd.,Chemicals,AARTIIND.NS,NSE Nifty 500 (https://archives.nseindia.com/content/indices/ind_nifty500list.csv)
AAVAS,Aavas Financiers Ltd.,Financial Services,AAVAS.NS,NSE Nifty 500 (https://archives.nseindia.com/content/indices/ind_nifty500list.csv)
ABBOTINDIA,Abbott India Ltd.,Healthcare,ABBOTINDIA.NS,NSE Nifty 500 (https://archives.nseindia.com/content/indices/ind_nifty500list.csv)
ACE,Action Construction Equipment Ltd.,Capital Goods,ACE.NS,NSE Nifty 500 (https://archives.nseindia.com/content/indices/ind_nifty500list.csv)
ACUTAAS,Acutaas Chemicals Ltd.,Healthcare,ACUTAAS.NS,NSE Nifty 500 (https://archives.nseindia.com/content/indices/ind_nifty500list.csv)
ADANIENSOL,Adani Energy Solutions Ltd.,Power,ADANIENSOL.NS,NSE Nifty 500 (https://archives.nseindia.com/content/indices/ind_nifty500list.csv)
ADANIENT,Adani Enterprises Ltd.,Metals & Mining,ADANIENT.NS,NSE Nifty 500 (https://archives.nseindia.com/content/indices/ind_nifty500list.csv)
ADANIGREEN,Adani Green Energy Ltd.,Power,ADANIGREEN.NS,NSE Nifty 500 (https://archives.nseindia.com/content/indices/ind_nifty500list.csv)
ADANIPORTS,Adani Ports and Special Economic Zone Ltd.,Services,ADANIPORTS.NS,NSE Nifty 500 (https://archives.nseindia.com/content/indices/ind_nifty500list.csv)
ADANIPOWER,Adani Power Ltd.,Power,ADANIPOWER.NS,NSE Nifty 500 (https://archives.nseindia.com/content/indices/ind_nifty500list.csv)
ATGL,Adani Total Gas Ltd.,Oil Gas & Consumable Fuels,ATGL.NS,NSE Nifty 500 (https://archives.nseindia.com/content/indices/ind_nifty500list.csv)
ABCAPITAL,Aditya Birla Capital Ltd.,Financial Services,ABCAPITAL.NS,NSE Nifty 500 (https://archives.nseindia.com/content/indices/ind_nifty500list.csv)
ABREL,Aditya Birla Real Estate Ltd.,Realty,ABREL.NS,NSE Nifty 500 (https://archives.nseindia.com/content/indices/ind_nifty500list.csv)
ABSLAMC,Aditya Birla Sun Life AMC Ltd.,Financial Services,ABSLAMC.NS,NSE Nifty 500 (https://archives.nseindia.com/content/indices/ind_nifty500list.csv)
CPPLUS,Aditya Infotech Ltd.,Capital Goods,CPPLUS.NS,NSE Nifty 500 (https://archives.nseindia.com/content/indices/ind_nifty500list.csv)
AEGISLOG,Aegis Logistics Ltd.,Oil Gas & Consumable Fuels,AEGISLOG.NS,NSE Nifty 500 (https://archives.nseindia.com/content/indices/ind_nifty500list.csv)
AEGISVOPAK,Aegis Vopak Terminals Ltd.,Oil Gas & Consumable Fuels,AEGISVOPAK.NS,NSE Nifty 500 (https://archives.nseindia.com/content/indices/ind_nifty500list.csv)
AETHER,Aether Industries Ltd.,Chemicals,AETHER.NS,NSE Nifty 500 (https://archives.nseindia.com/content/indices/ind_nifty500list.csv)
AFCONS,Afcons Infrastructure Ltd.,Construction,AFCONS.NS,NSE Nifty 500 (https://archives.nseindia.com/content/indices/ind_nifty500list.csv)
AFFLE,Affle 3i Ltd.,Information Technology,AFFLE.NS,NSE Nifty 500 (https://archives.nseindia.com/content/indices/ind_nifty500list.csv)
AJANTPHARM,Ajanta Pharmaceuticals Ltd.,Healthcare,AJANTPHARM.NS,NSE Nifty 500 (https://archives.nseindia.com/content/indices/ind_nifty500list.csv)
ALKEM,Alkem Laboratories Ltd.,Healthcare,ALKEM.NS,NSE Nifty 500 (https://archives.nseindia.com/content/indices/ind_nifty500list.csv)
ABDL,Allied Blenders and Distillers Ltd.,Fast Moving Consumer Goods,ABDL.NS,NSE Nifty 500 (https://archives.nseindia.com/content/indices/ind_nifty500list.csv)
ARE&M,Amara Raja Energy & Mobility Ltd.,Automobile and Auto Components,ARE&M.NS,NSE Nifty 500 (https://archives.nseindia.com/content/indices/ind_nifty500list.csv)
AMBER,Amber Enterprises India Ltd.,Consumer Durables,AMBER.NS,NSE Nifty 500 (https://archives.nseindia.com/content/indices/ind_nifty500list.csv)
AMBUJACEM,Ambuja Cements Ltd.,Construction Materials,AMBUJACEM.NS,NSE Nifty 500 (https://archives.nseindia.com/content/indices/ind_nifty500list.csv)
ANANDRATHI,Anand Rathi Wealth Ltd.,Financial Services,ANANDRATHI.NS,NSE Nifty 500 (https://archives.nseindia.com/content/indices/ind_nifty500list.csv)
ANANTRAJ,Anant Raj Ltd.,Realty,ANANTRAJ.NS,NSE Nifty 500 (https://archives.nseindia.com/content/indices/ind_nifty500list.csv)
ANGELONE,Angel One Ltd.,Financial Services,ANGELONE.NS,NSE Nifty 500 (https://archives.nseindia.com/content/indices/ind_nifty500list.csv)
ANTHEM,Anthem Biosciences Ltd.,Healthcare,ANTHEM.NS,NSE Nifty 500 (https://archives.nseindia.com/content/indices/ind_nifty500list.csv)
ANURAS,Anupam Rasayan India Ltd.,Chemicals,ANURAS.NS,NSE Nifty 500 (https://archives.nseindia.com/content/indices/ind_nifty500list.csv)
APARINDS,Apar Industries Ltd.,Capital Goods,APARINDS.NS,NSE Nifty 500 (https://archives.nseindia.com/content/indices/ind_nifty500list.csv)
APOLLOHOSP,Apollo Hospitals Enterprise Ltd.,Healthcare,APOLLOHOSP.NS,NSE Nifty 500 (https://archives.nseindia.com/content/indices/ind_nifty500list.csv)
APOLLOTYRE,Apollo Tyres Ltd.,Automobile and Auto Components,APOLLOTYRE.NS,NSE Nifty 500 (https://archives.nseindia.com/content/indices/ind_nifty500list.csv)
APTUS,Aptus Value Housing Finance India Ltd.,Financial Services,APTUS.NS,NSE Nifty 500 (https://archives.nseindia.com/content/indices/ind_nifty500list.csv)
ASAHIINDIA,Asahi India Glass Ltd.,Automobile and Auto Components,ASAHIINDIA.NS,NSE Nifty 500 (https://archives.nseindia.com/content/indices/ind_nifty500list.csv)
ASHOKLEY,Ashok Leyland Ltd.,Capital Goods,ASHOKLEY.NS,NSE Nifty 500 (https://archives.nseindia.com/content/indices/ind_nifty500list.csv)
ASIANPAINT,Asian Paints Ltd.,Consumer Durables,ASIANPAINT.NS,NSE Nifty 500 (https://archives.nseindia.com/content/indices/ind_nifty500list.csv)
ASTERDM,Aster DM Quality Care Ltd.,Healthcare,ASTERDM.NS,NSE Nifty 500 (https://archives.nseindia.com/content/indices/ind_nifty500list.csv)
ASTRAL,Astral Ltd.,Capital Goods,ASTRAL.NS,NSE Nifty 500 (https://archives.nseindia.com/content/indices/ind_nifty500list.csv)
ATHERENERG,Ather Energy Ltd.,Automobile and Auto Components,ATHERENERG.NS,NSE Nifty 500 (https://archives.nseindia.com/content/indices/ind_nifty500list.csv)
ATUL,Atul Ltd.,Chemicals,ATUL.NS,NSE Nifty 500 (https://archives.nseindia.com/content/indices/ind_nifty500list.csv)
AUROPHARMA,Aurobindo Pharma Ltd.,Healthcare,AUROPHARMA.NS,NSE Nifty 500 (https://archives.nseindia.com/content/indices/ind_nifty500list.csv)
AIIL,Authum Investment & Infrastructure Ltd.,Financial Services,AIIL.NS,NSE Nifty 500 (https://archives.nseindia.com/content/indices/ind_nifty500list.csv)
AVANTIFEED,Avanti Feeds Ltd.,Fast Moving Consumer Goods,AVANTIFEED.NS,NSE Nifty 500 (https://archives.nseindia.com/content/indices/ind_nifty500list.csv)
DMART,Avenue Supermarts Ltd.,Consumer Services,DMART.NS,NSE Nifty 500 (https://archives.nseindia.com/content/indices/ind_nifty500list.csv)
AXISBANK,Axis Bank Ltd.,Financial Services,AXISBANK.NS,NSE Nifty 500 (https://archives.nseindia.com/content/indices/ind_nifty500list.csv)
AZAD,Azad Engineering Ltd.,Capital Goods,AZAD.NS,NSE Nifty 500 (https://archives.nseindia.com/content/indices/ind_nifty500list.csv)
BEML,BEML Ltd.,Capital Goods,BEML.NS,NSE Nifty 500 (https://archives.nseindia.com/content/indices/ind_nifty500list.csv)
BLS,BLS International Services Ltd.,Consumer Services,BLS.NS,NSE Nifty 500 (https://archives.nseindia.com/content/indices/ind_nifty500list.csv)
BSE,BSE Ltd.,Financial Services,BSE.NS,NSE Nifty 500 (https://archives.nseindia.com/content/indices/ind_nifty500list.csv)
BAGMANE,Bagmane Prime Office REIT,Realty,BAGMANE.NS,NSE Nifty 500 (https://archives.nseindia.com/content/indices/ind_nifty500list.csv)
BAJAJ-AUTO,Bajaj Auto Ltd.,Automobile and Auto Components,BAJAJ-AUTO.NS,NSE Nifty 500 (https://archives.nseindia.com/content/indices/ind_nifty500list.csv)
BAJFINANCE,Bajaj Finance Ltd.,Financial Services,BAJFINANCE.NS,NSE Nifty 500 (https://archives.nseindia.com/content/indices/ind_nifty500list.csv)
BAJAJFINSV,Bajaj Finserv Ltd.,Financial Services,BAJAJFINSV.NS,NSE Nifty 500 (https://archives.nseindia.com/content/indices/ind_nifty500list.csv)
BAJAJHLDNG,Bajaj Holdings & Investment Ltd.,Financial Services,BAJAJHLDNG.NS,NSE Nifty 500 (https://archives.nseindia.com/content/indices/ind_nifty500list.csv)
BAJAJHFL,Bajaj Housing Finance Ltd.,Financial Services,BAJAJHFL.NS,NSE Nifty 500 (https://archives.nseindia.com/content/indices/ind_nifty500list.csv)
BALKRISIND,Balkrishna Industries Ltd.,Automobile and Auto Components,BALKRISIND.NS,NSE Nifty 500 (https://archives.nseindia.com/content/indices/ind_nifty500list.csv)
BALRAMCHIN,Balrampur Chini Mills Ltd.,Fast Moving Consumer Goods,BALRAMCHIN.NS,NSE Nifty 500 (https://archives.nseindia.com/content/indices/ind_nifty500list.csv)
BANDHANBNK,Bandhan Bank Ltd.,Financial Services,BANDHANBNK.NS,NSE Nifty 500 (https://archives.nseindia.com/content/indices/ind_nifty500list.csv)
BANKBARODA,Bank of Baroda,Financial Services,BANKBARODA.NS,NSE Nifty 500 (https://archives.nseindia.com/content/indices/ind_nifty500list.csv)
BANKINDIA,Bank of India,Financial Services,BANKINDIA.NS,NSE Nifty 500 (https://archives.nseindia.com/content/indices/ind_nifty500list.csv)
MAHABANK,Bank of Maharashtra,Financial Services,MAHABANK.NS,NSE Nifty 500 (https://archives.nseindia.com/content/indices/ind_nifty500list.csv)
BATAINDIA,Bata India Ltd.,Consumer Durables,BATAINDIA.NS,NSE Nifty 500 (https://archives.nseindia.com/content/indices/ind_nifty500list.csv)
BELRISE,Belrise Industries Ltd.,Automobile and Auto Components,BELRISE.NS,NSE Nifty 500 (https://archives.nseindia.com/content/indices/ind_nifty500list.csv)
BERGEPAINT,Berger Paints India Ltd.,Consumer Durables,BERGEPAINT.NS,NSE Nifty 500 (https://archives.nseindia.com/content/indices/ind_nifty500list.csv)
BHARATCOAL,Bharat Coking Coal Ltd.,Oil Gas & Consumable Fuels,BHARATCOAL.NS,NSE Nifty 500 (https://archives.nseindia.com/content/indices/ind_nifty500list.csv)
BDL,Bharat Dynamics Ltd.,Capital Goods,BDL.NS,NSE Nifty 500 (https://archives.nseindia.com/content/indices/ind_nifty500list.csv)
BEL,Bharat Electronics Ltd.,Capital Goods,BEL.NS,NSE Nifty 500 (https://archives.nseindia.com/content/indices/ind_nifty500list.csv)
BHARATFORG,Bharat Forge Ltd.,Automobile and Auto Components,BHARATFORG.NS,NSE Nifty 500 (https://archives.nseindia.com/content/indices/ind_nifty500list.csv)
BHEL,Bharat Heavy Electricals Ltd.,Capital Goods,BHEL.NS,NSE Nifty 500 (https://archives.nseindia.com/content/indices/ind_nifty500list.csv)
BPCL,Bharat Petroleum Corporation Ltd.,Oil Gas & Consumable Fuels,BPCL.NS,NSE Nifty 500 (https://archives.nseindia.com/content/indices/ind_nifty500list.csv)
BHARTIARTL,Bharti Airtel Ltd.,Telecommunication,BHARTIARTL.NS,NSE Nifty 500 (https://archives.nseindia.com/content/indices/ind_nifty500list.csv)
BHARTIHEXA,Bharti Hexacom Ltd.,Telecommunication,BHARTIHEXA.NS,NSE Nifty 500 (https://archives.nseindia.com/content/indices/ind_nifty500list.csv)
GROWW,Billionbrains Garage Ventures Ltd.,Financial Services,GROWW.NS,NSE Nifty 500 (https://archives.nseindia.com/content/indices/ind_nifty500list.csv)
BIOCON,Biocon Ltd.,Healthcare,BIOCON.NS,NSE Nifty 500 (https://archives.nseindia.com/content/indices/ind_nifty500list.csv)
BSOFT,Birlasoft Ltd.,Information Technology,BSOFT.NS,NSE Nifty 500 (https://archives.nseindia.com/content/indices/ind_nifty500list.csv)
BBOX,Black Box Ltd.,Information Technology,BBOX.NS,NSE Nifty 500 (https://archives.nseindia.com/content/indices/ind_nifty500list.csv)
BLUESTARCO,Blue Star Ltd.,Consumer Durables,BLUESTARCO.NS,NSE Nifty 500 (https://archives.nseindia.com/content/indices/ind_nifty500list.csv)
BOSCHLTD,Bosch Ltd.,Automobile and Auto Components,BOSCHLTD.NS,NSE Nifty 500 (https://archives.nseindia.com/content/indices/ind_nifty500list.csv)
FIRSTCRY,Brainbees Solutions Ltd.,Consumer Services,FIRSTCRY.NS,NSE Nifty 500 (https://archives.nseindia.com/content/indices/ind_nifty500list.csv)
BRIGADE,Brigade Enterprises Ltd.,Realty,BRIGADE.NS,NSE Nifty 500 (https://archives.nseindia.com/content/indices/ind_nifty500list.csv)
BRITANNIA,Britannia Industries Ltd.,Fast Moving Consumer Goods,BRITANNIA.NS,NSE Nifty 500 (https://archives.nseindia.com/content/indices/ind_nifty500list.csv)
BIRET,Brookfield India Real Estate Trust,Realty,BIRET.NS,NSE Nifty 500 (https://archives.nseindia.com/content/indices/ind_nifty500list.csv)
CCL,CCL Products (I) Ltd.,Fast Moving Consumer Goods,CCL.NS,NSE Nifty 500 (https://archives.nseindia.com/content/indices/ind_nifty500list.csv)
CESC,CESC Ltd.,Power,CESC.NS,NSE Nifty 500 (https://archives.nseindia.com/content/indices/ind_nifty500list.csv)
CGPOWER,CG Power and Industrial Solutions Ltd.,Capital Goods,CGPOWER.NS,NSE Nifty 500 (https://archives.nseindia.com/content/indices/ind_nifty500list.csv)
CIEINDIA,CIE Automotive India Ltd.,Automobile and Auto Components,CIEINDIA.NS,NSE Nifty 500 (https://archives.nseindia.com/content/indices/ind_nifty500list.csv)
CRISIL,CRISIL Ltd.,Financial Services,CRISIL.NS,NSE Nifty 500 (https://archives.nseindia.com/content/indices/ind_nifty500list.csv)
CANFINHOME,Can Fin Homes Ltd.,Financial Services,CANFINHOME.NS,NSE Nifty 500 (https://archives.nseindia.com/content/indices/ind_nifty500list.csv)
CANBK,Canara Bank,Financial Services,CANBK.NS,NSE Nifty 500 (https://archives.nseindia.com/content/indices/ind_nifty500list.csv)
CANHLIFE,Canara HSBC Life Insurance Company Ltd.,Financial Services,CANHLIFE.NS,NSE Nifty 500 (https://archives.nseindia.com/content/indices/ind_nifty500list.csv)
CAPLIPOINT,Caplin Point Laboratories Ltd.,Healthcare,CAPLIPOINT.NS,NSE Nifty 500 (https://archives.nseindia.com/content/indices/ind_nifty500list.csv)
CGCL,Capri Global Capital Ltd.,Financial Services,CGCL.NS,NSE Nifty 500 (https://archives.nseindia.com/content/indices/ind_nifty500list.csv)
CARBORUNIV,Carborundum Universal Ltd.,Capital Goods,CARBORUNIV.NS,NSE Nifty 500 (https://archives.nseindia.com/content/indices/ind_nifty500list.csv)
CARTRADE,Cartrade Tech Ltd.,Consumer Services,CARTRADE.NS,NSE Nifty 500 (https://archives.nseindia.com/content/indices/ind_nifty500list.csv)
CASTROLIND,Castrol India Ltd.,Oil Gas & Consumable Fuels,CASTROLIND.NS,NSE Nifty 500 (https://archives.nseindia.com/content/indices/ind_nifty500list.csv)
CEATLTD,Ceat Ltd.,Automobile and Auto Components,CEATLTD.NS,NSE Nifty 500 (https://archives.nseindia.com/content/indices/ind_nifty500list.csv)
CEMPRO,Cemindia Projects Ltd.,Construction,CEMPRO.NS,NSE Nifty 500 (https://archives.nseindia.com/content/indices/ind_nifty500list.csv)
CENTRALBK,Central Bank of India,Financial Services,CENTRALBK.NS,NSE Nifty 500 (https://archives.nseindia.com/content/indices/ind_nifty500list.csv)
CDSL,Central Depository Services (India) Ltd.,Financial Services,CDSL.NS,NSE Nifty 500 (https://archives.nseindia.com/content/indices/ind_nifty500list.csv)
CMPDI,Central Mine Planning & Design Institute Ltd.,Services,CMPDI.NS,NSE Nifty 500 (https://archives.nseindia.com/content/indices/ind_nifty500list.csv)
CHAMBLFERT,Chambal Fertilizers & Chemicals Ltd.,Chemicals,CHAMBLFERT.NS,NSE Nifty 500 (https://archives.nseindia.com/content/indices/ind_nifty500list.csv)
CHENNPETRO,Chennai Petroleum Corporation Ltd.,Oil Gas & Consumable Fuels,CHENNPETRO.NS,NSE Nifty 500 (https://archives.nseindia.com/content/indices/ind_nifty500list.csv)
CHOICEIN,Choice International Ltd.,Financial Services,CHOICEIN.NS,NSE Nifty 500 (https://archives.nseindia.com/content/indices/ind_nifty500list.csv)
CHOLAHLDNG,Cholamandalam Financial Holdings Ltd.,Financial Services,CHOLAHLDNG.NS,NSE Nifty 500 (https://archives.nseindia.com/content/indices/ind_nifty500list.csv)
CHOLAFIN,Cholamandalam Investment and Finance Company Ltd.,Financial Services,CHOLAFIN.NS,NSE Nifty 500 (https://archives.nseindia.com/content/indices/ind_nifty500list.csv)
CIPLA,Cipla Ltd.,Healthcare,CIPLA.NS,NSE Nifty 500 (https://archives.nseindia.com/content/indices/ind_nifty500list.csv)
CUB,City Union Bank Ltd.,Financial Services,CUB.NS,NSE Nifty 500 (https://archives.nseindia.com/content/indices/ind_nifty500list.csv)
CLEANMAX,Clean Max Enviro Energy Solutions Ltd.,Power,CLEANMAX.NS,NSE Nifty 500 (https://archives.nseindia.com/content/indices/ind_nifty500list.csv)
CLEAN,Clean Science and Technology Ltd.,Chemicals,CLEAN.NS,NSE Nifty 500 (https://archives.nseindia.com/content/indices/ind_nifty500list.csv)
COALINDIA,Coal India Ltd.,Oil Gas & Consumable Fuels,COALINDIA.NS,NSE Nifty 500 (https://archives.nseindia.com/content/indices/ind_nifty500list.csv)
COCHINSHIP,Cochin Shipyard Ltd.,Capital Goods,COCHINSHIP.NS,NSE Nifty 500 (https://archives.nseindia.com/content/indices/ind_nifty500list.csv)
COFORGE,Coforge Ltd.,Information Technology,COFORGE.NS,NSE Nifty 500 (https://archives.nseindia.com/content/indices/ind_nifty500list.csv)
COHANCE,Cohance Lifesciences Ltd.,Healthcare,COHANCE.NS,NSE Nifty 500 (https://archives.nseindia.com/content/indices/ind_nifty500list.csv)
COLPAL,Colgate Palmolive (India) Ltd.,Fast Moving Consumer Goods,COLPAL.NS,NSE Nifty 500 (https://archives.nseindia.com/content/indices/ind_nifty500list.csv)
CAMS,Computer Age Management Services Ltd.,Financial Services,CAMS.NS,NSE Nifty 500 (https://archives.nseindia.com/content/indices/ind_nifty500list.csv)
CONCORDBIO,Concord Biotech Ltd.,Healthcare,CONCORDBIO.NS,NSE Nifty 500 (https://archives.nseindia.com/content/indices/ind_nifty500list.csv)
CONCOR,Container Corporation of India Ltd.,Services,CONCOR.NS,NSE Nifty 500 (https://archives.nseindia.com/content/indices/ind_nifty500list.csv)
COROMANDEL,Coromandel International Ltd.,Chemicals,COROMANDEL.NS,NSE Nifty 500 (https://archives.nseindia.com/content/indices/ind_nifty500list.csv)
CRAFTSMAN,Craftsman Automation Ltd.,Automobile and Auto Components,CRAFTSMAN.NS,NSE Nifty 500 (https://archives.nseindia.com/content/indices/ind_nifty500list.csv)
CREDITACC,CreditAccess Grameen Ltd.,Financial Services,CREDITACC.NS,NSE Nifty 500 (https://archives.nseindia.com/content/indices/ind_nifty500list.csv)
CROMPTON,Crompton Greaves Consumer Electricals Ltd.,Consumer Durables,CROMPTON.NS,NSE Nifty 500 (https://archives.nseindia.com/content/indices/ind_nifty500list.csv)
CUMMINSIND,Cummins India Ltd.,Capital Goods,CUMMINSIND.NS,NSE Nifty 500 (https://archives.nseindia.com/content/indices/ind_nifty500list.csv)
CUPID,Cupid Ltd.,Fast Moving Consumer Goods,CUPID.NS,NSE Nifty 500 (https://archives.nseindia.com/content/indices/ind_nifty500list.csv)
CYIENT,Cyient Ltd.,Information Technology,CYIENT.NS,NSE Nifty 500 (https://archives.nseindia.com/content/indices/ind_nifty500list.csv)
DLF,DLF Ltd.,Realty,DLF.NS,NSE Nifty 500 (https://archives.nseindia.com/content/indices/ind_nifty500list.csv)
DOMS,DOMS Industries Ltd.,Fast Moving Consumer Goods,DOMS.NS,NSE Nifty 500 (https://archives.nseindia.com/content/indices/ind_nifty500list.csv)
DABUR,Dabur India Ltd.,Fast Moving Consumer Goods,DABUR.NS,NSE Nifty 500 (https://archives.nseindia.com/content/indices/ind_nifty500list.csv)
DALBHARAT,Dalmia Bharat Ltd.,Construction Materials,DALBHARAT.NS,NSE Nifty 500 (https://archives.nseindia.com/content/indices/ind_nifty500list.csv)
DATAPATTNS,Data Patterns (India) Ltd.,Capital Goods,DATAPATTNS.NS,NSE Nifty 500 (https://archives.nseindia.com/content/indices/ind_nifty500list.csv)
DEEPAKFERT,Deepak Fertilisers & Petrochemicals Corp. Ltd.,Chemicals,DEEPAKFERT.NS,NSE Nifty 500 (https://archives.nseindia.com/content/indices/ind_nifty500list.csv)
DEEPAKNTR,Deepak Nitrite Ltd.,Chemicals,DEEPAKNTR.NS,NSE Nifty 500 (https://archives.nseindia.com/content/indices/ind_nifty500list.csv)
DELHIVERY,Delhivery Ltd.,Services,DELHIVERY.NS,NSE Nifty 500 (https://archives.nseindia.com/content/indices/ind_nifty500list.csv)
DEVYANI,Devyani International Ltd.,Consumer Services,DEVYANI.NS,NSE Nifty 500 (https://archives.nseindia.com/content/indices/ind_nifty500list.csv)
DIVISLAB,Divi's Laboratories Ltd.,Healthcare,DIVISLAB.NS,NSE Nifty 500 (https://archives.nseindia.com/content/indices/ind_nifty500list.csv)
DIXON,Dixon Technologies (India) Ltd.,Consumer Durables,DIXON.NS,NSE Nifty 500 (https://archives.nseindia.com/content/indices/ind_nifty500list.csv)
LALPATHLAB,Dr. Lal Path Labs Ltd.,Healthcare,LALPATHLAB.NS,NSE Nifty 500 (https://archives.nseindia.com/content/indices/ind_nifty500list.csv)
DRREDDY,Dr. Reddy's Laboratories Ltd.,Healthcare,DRREDDY.NS,NSE Nifty 500 (https://archives.nseindia.com/content/indices/ind_nifty500list.csv)
DUMMYHEG,Dummy HEG Ltd.,Metals & Mining,DUMMYHEG.NS,NSE Nifty 500 (https://archives.nseindia.com/content/indices/ind_nifty500list.csv)
EIDPARRY,E.I.D. Parry (India) Ltd.,Fast Moving Consumer Goods,EIDPARRY.NS,NSE Nifty 500 (https://archives.nseindia.com/content/indices/ind_nifty500list.csv)
EIHOTEL,EIH Ltd.,Consumer Services,EIHOTEL.NS,NSE Nifty 500 (https://archives.nseindia.com/content/indices/ind_nifty500list.csv)
EMBASSY,EMBASSY OFFICE PARKS REIT,Realty,EMBASSY.NS,NSE Nifty 500 (https://archives.nseindia.com/content/indices/ind_nifty500list.csv)
EICHERMOT,Eicher Motors Ltd.,Automobile and Auto Components,EICHERMOT.NS,NSE Nifty 500 (https://archives.nseindia.com/content/indices/ind_nifty500list.csv)
ELECON,Elecon Engineering Co. Ltd.,Capital Goods,ELECON.NS,NSE Nifty 500 (https://archives.nseindia.com/content/indices/ind_nifty500list.csv)
ELGIEQUIP,Elgi Equipments Ltd.,Capital Goods,ELGIEQUIP.NS,NSE Nifty 500 (https://archives.nseindia.com/content/indices/ind_nifty500list.csv)
EMAMILTD,Emami Ltd.,Fast Moving Consumer Goods,EMAMILTD.NS,NSE Nifty 500 (https://archives.nseindia.com/content/indices/ind_nifty500list.csv)
EMCURE,Emcure Pharmaceuticals Ltd.,Healthcare,EMCURE.NS,NSE Nifty 500 (https://archives.nseindia.com/content/indices/ind_nifty500list.csv)
EMMVEE,Emmvee Photovoltaic Power Ltd.,Capital Goods,EMMVEE.NS,NSE Nifty 500 (https://archives.nseindia.com/content/indices/ind_nifty500list.csv)
ENDURANCE,Endurance Technologies Ltd.,Automobile and Auto Components,ENDURANCE.NS,NSE Nifty 500 (https://archives.nseindia.com/content/indices/ind_nifty500list.csv)
ENGINERSIN,Engineers India Ltd.,Construction,ENGINERSIN.NS,NSE Nifty 500 (https://archives.nseindia.com/content/indices/ind_nifty500list.csv)
ESCORTS,Escorts Kubota Ltd.,Capital Goods,ESCORTS.NS,NSE Nifty 500 (https://archives.nseindia.com/content/indices/ind_nifty500list.csv)
ETERNAL,Eternal Ltd.,Consumer Services,ETERNAL.NS,NSE Nifty 500 (https://archives.nseindia.com/content/indices/ind_nifty500list.csv)
EXIDEIND,Exide Industries Ltd.,Automobile and Auto Components,EXIDEIND.NS,NSE Nifty 500 (https://archives.nseindia.com/content/indices/ind_nifty500list.csv)
NYKAA,FSN E-Commerce Ventures Ltd.,Consumer Services,NYKAA.NS,NSE Nifty 500 (https://archives.nseindia.com/content/indices/ind_nifty500list.csv)
FEDERALBNK,Federal Bank Ltd.,Financial Services,FEDERALBNK.NS,NSE Nifty 500 (https://archives.nseindia.com/content/indices/ind_nifty500list.csv)
FACT,Fertilisers and Chemicals Travancore Ltd.,Chemicals,FACT.NS,NSE Nifty 500 (https://archives.nseindia.com/content/indices/ind_nifty500list.csv)
FINCABLES,Finolex Cables Ltd.,Capital Goods,FINCABLES.NS,NSE Nifty 500 (https://archives.nseindia.com/content/indices/ind_nifty500list.csv)
FSL,Firstsource Solutions Ltd.,Services,FSL.NS,NSE Nifty 500 (https://archives.nseindia.com/content/indices/ind_nifty500list.csv)
FIVESTAR,Five-Star Business Finance Ltd.,Financial Services,FIVESTAR.NS,NSE Nifty 500 (https://archives.nseindia.com/content/indices/ind_nifty500list.csv)
FORCEMOT,Force Motors Ltd.,Automobile and Auto Components,FORCEMOT.NS,NSE Nifty 500 (https://archives.nseindia.com/content/indices/ind_nifty500list.csv)
FORTIS,Fortis Healthcare Ltd.,Healthcare,FORTIS.NS,NSE Nifty 500 (https://archives.nseindia.com/content/indices/ind_nifty500list.csv)
FRACTAL,Fractal Analytics Ltd.,Information Technology,FRACTAL.NS,NSE Nifty 500 (https://archives.nseindia.com/content/indices/ind_nifty500list.csv)
GAIL,GAIL (India) Ltd.,Oil Gas & Consumable Fuels,GAIL.NS,NSE Nifty 500 (https://archives.nseindia.com/content/indices/ind_nifty500list.csv)
GVT&D,GE Vernova T&D India Ltd.,Capital Goods,GVT&D.NS,NSE Nifty 500 (https://archives.nseindia.com/content/indices/ind_nifty500list.csv)
GMRAIRPORT,GMR Airports Ltd.,Services,GMRAIRPORT.NS,NSE Nifty 500 (https://archives.nseindia.com/content/indices/ind_nifty500list.csv)
GABRIEL,Gabriel India Ltd.,Automobile and Auto Components,GABRIEL.NS,NSE Nifty 500 (https://archives.nseindia.com/content/indices/ind_nifty500list.csv)
GALLANTT,Gallantt Ispat Ltd.,Capital Goods,GALLANTT.NS,NSE Nifty 500 (https://archives.nseindia.com/content/indices/ind_nifty500list.csv)
GRSE,Garden Reach Shipbuilders & Engineers Ltd.,Capital Goods,GRSE.NS,NSE Nifty 500 (https://archives.nseindia.com/content/indices/ind_nifty500list.csv)
GICRE,General Insurance Corporation of India,Financial Services,GICRE.NS,NSE Nifty 500 (https://archives.nseindia.com/content/indices/ind_nifty500list.csv)
GILLETTE,Gillette India Ltd.,Fast Moving Consumer Goods,GILLETTE.NS,NSE Nifty 500 (https://archives.nseindia.com/content/indices/ind_nifty500list.csv)
GLAND,Gland Pharma Ltd.,Healthcare,GLAND.NS,NSE Nifty 500 (https://archives.nseindia.com/content/indices/ind_nifty500list.csv)
GLAXO,Glaxosmithkline Pharmaceuticals Ltd.,Healthcare,GLAXO.NS,NSE Nifty 500 (https://archives.nseindia.com/content/indices/ind_nifty500list.csv)
GLENMARK,Glenmark Pharmaceuticals Ltd.,Healthcare,GLENMARK.NS,NSE Nifty 500 (https://archives.nseindia.com/content/indices/ind_nifty500list.csv)
MEDANTA,Global Health Ltd.,Healthcare,MEDANTA.NS,NSE Nifty 500 (https://archives.nseindia.com/content/indices/ind_nifty500list.csv)
GPIL,Godawari Power & Ispat Ltd.,Capital Goods,GPIL.NS,NSE Nifty 500 (https://archives.nseindia.com/content/indices/ind_nifty500list.csv)
GODFRYPHLP,Godfrey Phillips India Ltd.,Fast Moving Consumer Goods,GODFRYPHLP.NS,NSE Nifty 500 (https://archives.nseindia.com/content/indices/ind_nifty500list.csv)
GODREJCP,Godrej Consumer Products Ltd.,Fast Moving Consumer Goods,GODREJCP.NS,NSE Nifty 500 (https://archives.nseindia.com/content/indices/ind_nifty500list.csv)
GODREJIND,Godrej Industries Ltd.,Diversified,GODREJIND.NS,NSE Nifty 500 (https://archives.nseindia.com/content/indices/ind_nifty500list.csv)
GODREJPROP,Godrej Properties Ltd.,Realty,GODREJPROP.NS,NSE Nifty 500 (https://archives.nseindia.com/content/indices/ind_nifty500list.csv)
GRANULES,Granules India Ltd.,Healthcare,GRANULES.NS,NSE Nifty 500 (https://archives.nseindia.com/content/indices/ind_nifty500list.csv)
GRAPHITE,Graphite India Ltd.,Capital Goods,GRAPHITE.NS,NSE Nifty 500 (https://archives.nseindia.com/content/indices/ind_nifty500list.csv)
GRASIM,Grasim Industries Ltd.,Construction Materials,GRASIM.NS,NSE Nifty 500 (https://archives.nseindia.com/content/indices/ind_nifty500list.csv)
GRAVITA,Gravita India Ltd.,Metals & Mining,GRAVITA.NS,NSE Nifty 500 (https://archives.nseindia.com/content/indices/ind_nifty500list.csv)
GESHIP,Great Eastern Shipping Co. Ltd.,Services,GESHIP.NS,NSE Nifty 500 (https://archives.nseindia.com/content/indices/ind_nifty500list.csv)
FLUOROCHEM,Gujarat Fluorochemicals Ltd.,Chemicals,FLUOROCHEM.NS,NSE Nifty 500 (https://archives.nseindia.com/content/indices/ind_nifty500list.csv)
GMDCLTD,Gujarat Mineral Development Corporation Ltd.,Metals & Mining,GMDCLTD.NS,NSE Nifty 500 (https://archives.nseindia.com/content/indices/ind_nifty500list.csv)
HBLENGINE,HBL Engineering Ltd.,Capital Goods,HBLENGINE.NS,NSE Nifty 500 (https://archives.nseindia.com/content/indices/ind_nifty500list.csv)
HCLTECH,HCL Technologies Ltd.,Information Technology,HCLTECH.NS,NSE Nifty 500 (https://archives.nseindia.com/content/indices/ind_nifty500list.csv)
HDBFS,HDB Financial Services Ltd.,Financial Services,HDBFS.NS,NSE Nifty 500 (https://archives.nseindia.com/content/indices/ind_nifty500list.csv)
HDFCAMC,HDFC Asset Management Company Ltd.,Financial Services,HDFCAMC.NS,NSE Nifty 500 (https://archives.nseindia.com/content/indices/ind_nifty500list.csv)
HDFCBANK,HDFC Bank Ltd.,Financial Services,HDFCBANK.NS,NSE Nifty 500 (https://archives.nseindia.com/content/indices/ind_nifty500list.csv)
HDFCLIFE,HDFC Life Insurance Company Ltd.,Financial Services,HDFCLIFE.NS,NSE Nifty 500 (https://archives.nseindia.com/content/indices/ind_nifty500list.csv)
HEGAM,HEG Advanced Materials Ltd.,Capital Goods,HEGAM.NS,NSE Nifty 500 (https://archives.nseindia.com/content/indices/ind_nifty500list.csv)
HFCL,HFCL Ltd.,Telecommunication,HFCL.NS,NSE Nifty 500 (https://archives.nseindia.com/content/indices/ind_nifty500list.csv)
HAVELLS,Havells India Ltd.,Consumer Durables,HAVELLS.NS,NSE Nifty 500 (https://archives.nseindia.com/content/indices/ind_nifty500list.csv)
HEROMOTOCO,Hero MotoCorp Ltd.,Automobile and Auto Components,HEROMOTOCO.NS,NSE Nifty 500 (https://archives.nseindia.com/content/indices/ind_nifty500list.csv)
HEXT,Hexaware Technologies Ltd.,Information Technology,HEXT.NS,NSE Nifty 500 (https://archives.nseindia.com/content/indices/ind_nifty500list.csv)
HSCL,Himadri Speciality Chemical Ltd.,Chemicals,HSCL.NS,NSE Nifty 500 (https://archives.nseindia.com/content/indices/ind_nifty500list.csv)
HINDALCO,Hindalco Industries Ltd.,Metals & Mining,HINDALCO.NS,NSE Nifty 500 (https://archives.nseindia.com/content/indices/ind_nifty500list.csv)
HAL,Hindustan Aeronautics Ltd.,Capital Goods,HAL.NS,NSE Nifty 500 (https://archives.nseindia.com/content/indices/ind_nifty500list.csv)
HINDCOPPER,Hindustan Copper Ltd.,Metals & Mining,HINDCOPPER.NS,NSE Nifty 500 (https://archives.nseindia.com/content/indices/ind_nifty500list.csv)
HINDPETRO,Hindustan Petroleum Corporation Ltd.,Oil Gas & Consumable Fuels,HINDPETRO.NS,NSE Nifty 500 (https://archives.nseindia.com/content/indices/ind_nifty500list.csv)
HINDUNILVR,Hindustan Unilever Ltd.,Fast Moving Consumer Goods,HINDUNILVR.NS,NSE Nifty 500 (https://archives.nseindia.com/content/indices/ind_nifty500list.csv)
HINDZINC,Hindustan Zinc Ltd.,Metals & Mining,HINDZINC.NS,NSE Nifty 500 (https://archives.nseindia.com/content/indices/ind_nifty500list.csv)
POWERINDIA,Hitachi Energy India Ltd.,Capital Goods,POWERINDIA.NS,NSE Nifty 500 (https://archives.nseindia.com/content/indices/ind_nifty500list.csv)
HOMEFIRST,Home First Finance Company India Ltd.,Financial Services,HOMEFIRST.NS,NSE Nifty 500 (https://archives.nseindia.com/content/indices/ind_nifty500list.csv)
HONASA,Honasa Consumer Ltd.,Fast Moving Consumer Goods,HONASA.NS,NSE Nifty 500 (https://archives.nseindia.com/content/indices/ind_nifty500list.csv)
HONAUT,Honeywell Automation India Ltd.,Capital Goods,HONAUT.NS,NSE Nifty 500 (https://archives.nseindia.com/content/indices/ind_nifty500list.csv)
HUDCO,Housing & Urban Development Corporation Ltd.,Financial Services,HUDCO.NS,NSE Nifty 500 (https://archives.nseindia.com/content/indices/ind_nifty500list.csv)
HYUNDAI,Hyundai Motor India Ltd.,Automobile and Auto Components,HYUNDAI.NS,NSE Nifty 500 (https://archives.nseindia.com/content/indices/ind_nifty500list.csv)
ICICIBANK,ICICI Bank Ltd.,Financial Services,ICICIBANK.NS,NSE Nifty 500 (https://archives.nseindia.com/content/indices/ind_nifty500list.csv)
ICICIGI,ICICI Lombard General Insurance Company Ltd.,Financial Services,ICICIGI.NS,NSE Nifty 500 (https://archives.nseindia.com/content/indices/ind_nifty500list.csv)
ICICIAMC,ICICI Prudential Asset Management Company Ltd.,Financial Services,ICICIAMC.NS,NSE Nifty 500 (https://archives.nseindia.com/content/indices/ind_nifty500list.csv)
ICICIPRULI,ICICI Prudential Life Insurance Company Ltd.,Financial Services,ICICIPRULI.NS,NSE Nifty 500 (https://archives.nseindia.com/content/indices/ind_nifty500list.csv)
IDBI,IDBI Bank Ltd.,Financial Services,IDBI.NS,NSE Nifty 500 (https://archives.nseindia.com/content/indices/ind_nifty500list.csv)
IDFCFIRSTB,IDFC First Bank Ltd.,Financial Services,IDFCFIRSTB.NS,NSE Nifty 500 (https://archives.nseindia.com/content/indices/ind_nifty500list.csv)
IFCI,IFCI Ltd.,Financial Services,IFCI.NS,NSE Nifty 500 (https://archives.nseindia.com/content/indices/ind_nifty500list.csv)
IIFL,IIFL Finance Ltd.,Financial Services,IIFL.NS,NSE Nifty 500 (https://archives.nseindia.com/content/indices/ind_nifty500list.csv)
INOXINDIA,INOX India Ltd.,Capital Goods,INOXINDIA.NS,NSE Nifty 500 (https://archives.nseindia.com/content/indices/ind_nifty500list.csv)
IRB,IRB Infrastructure Developers Ltd.,Construction,IRB.NS,NSE Nifty 500 (https://archives.nseindia.com/content/indices/ind_nifty500list.csv)
IRCON,IRCON International Ltd.,Construction,IRCON.NS,NSE Nifty 500 (https://archives.nseindia.com/content/indices/ind_nifty500list.csv)
ITCHOTELS,ITC Hotels Ltd.,Consumer Services,ITCHOTELS.NS,NSE Nifty 500 (https://archives.nseindia.com/content/indices/ind_nifty500list.csv)
ITC,ITC Ltd.,Fast Moving Consumer Goods,ITC.NS,NSE Nifty 500 (https://archives.nseindia.com/content/indices/ind_nifty500list.csv)
ITI,ITI Ltd.,Telecommunication,ITI.NS,NSE Nifty 500 (https://archives.nseindia.com/content/indices/ind_nifty500list.csv)
INDIACEM,India Cements Ltd.,Construction Materials,INDIACEM.NS,NSE Nifty 500 (https://archives.nseindia.com/content/indices/ind_nifty500list.csv)
INDIAMART,Indiamart Intermesh Ltd.,Consumer Services,INDIAMART.NS,NSE Nifty 500 (https://archives.nseindia.com/content/indices/ind_nifty500list.csv)
INDIANB,Indian Bank,Financial Services,INDIANB.NS,NSE Nifty 500 (https://archives.nseindia.com/content/indices/ind_nifty500list.csv)
IEX,Indian Energy Exchange Ltd.,Financial Services,IEX.NS,NSE Nifty 500 (https://archives.nseindia.com/content/indices/ind_nifty500list.csv)
INDHOTEL,Indian Hotels Co. Ltd.,Consumer Services,INDHOTEL.NS,NSE Nifty 500 (https://archives.nseindia.com/content/indices/ind_nifty500list.csv)
IOC,Indian Oil Corporation Ltd.,Oil Gas & Consumable Fuels,IOC.NS,NSE Nifty 500 (https://archives.nseindia.com/content/indices/ind_nifty500list.csv)
IOB,Indian Overseas Bank,Financial Services,IOB.NS,NSE Nifty 500 (https://archives.nseindia.com/content/indices/ind_nifty500list.csv)
IRCTC,Indian Railway Catering And Tourism Corporation Ltd.,Consumer Services,IRCTC.NS,NSE Nifty 500 (https://archives.nseindia.com/content/indices/ind_nifty500list.csv)
IRFC,Indian Railway Finance Corporation Ltd.,Financial Services,IRFC.NS,NSE Nifty 500 (https://archives.nseindia.com/content/indices/ind_nifty500list.csv)
IREDA,Indian Renewable Energy Development Agency Ltd.,Financial Services,IREDA.NS,NSE Nifty 500 (https://archives.nseindia.com/content/indices/ind_nifty500list.csv)
IGL,Indraprastha Gas Ltd.,Oil Gas & Consumable Fuels,IGL.NS,NSE Nifty 500 (https://archives.nseindia.com/content/indices/ind_nifty500list.csv)
INDUSTOWER,Indus Towers Ltd.,Telecommunication,INDUSTOWER.NS,NSE Nifty 500 (https://archives.nseindia.com/content/indices/ind_nifty500list.csv)
INDUSINDBK,IndusInd Bank Ltd.,Financial Services,INDUSINDBK.NS,NSE Nifty 500 (https://archives.nseindia.com/content/indices/ind_nifty500list.csv)
NAUKRI,Info Edge (India) Ltd.,Consumer Services,NAUKRI.NS,NSE Nifty 500 (https://archives.nseindia.com/content/indices/ind_nifty500list.csv)
INFY,Infosys Ltd.,Information Technology,INFY.NS,NSE Nifty 500 (https://archives.nseindia.com/content/indices/ind_nifty500list.csv)
INOXWIND,Inox Wind Ltd.,Capital Goods,INOXWIND.NS,NSE Nifty 500 (https://archives.nseindia.com/content/indices/ind_nifty500list.csv)
INTELLECT,Intellect Design Arena Ltd.,Information Technology,INTELLECT.NS,NSE Nifty 500 (https://archives.nseindia.com/content/indices/ind_nifty500list.csv)
INDIGO,InterGlobe Aviation Ltd.,Services,INDIGO.NS,NSE Nifty 500 (https://archives.nseindia.com/content/indices/ind_nifty500list.csv)
IGIL,International Gemological Institute Ltd.,Services,IGIL.NS,NSE Nifty 500 (https://archives.nseindia.com/content/indices/ind_nifty500list.csv)
IKS,Inventurus Knowledge Solutions Ltd.,Information Technology,IKS.NS,NSE Nifty 500 (https://archives.nseindia.com/content/indices/ind_nifty500list.csv)
IPCALAB,Ipca Laboratories Ltd.,Healthcare,IPCALAB.NS,NSE Nifty 500 (https://archives.nseindia.com/content/indices/ind_nifty500list.csv)
JKCEMENT,J.K. Cement Ltd.,Construction Materials,JKCEMENT.NS,NSE Nifty 500 (https://archives.nseindia.com/content/indices/ind_nifty500list.csv)
JBMA,JBM Auto Ltd.,Automobile and Auto Components,JBMA.NS,NSE Nifty 500 (https://archives.nseindia.com/content/indices/ind_nifty500list.csv)
JKTYRE,JK Tyre & Industries Ltd.,Automobile and Auto Components,JKTYRE.NS,NSE Nifty 500 (https://archives.nseindia.com/content/indices/ind_nifty500list.csv)
JMFINANCIL,JM Financial Ltd.,Financial Services,JMFINANCIL.NS,NSE Nifty 500 (https://archives.nseindia.com/content/indices/ind_nifty500list.csv)
JSWCEMENT,JSW Cement Ltd.,Construction Materials,JSWCEMENT.NS,NSE Nifty 500 (https://archives.nseindia.com/content/indices/ind_nifty500list.csv)
JSWENERGY,JSW Energy Ltd.,Power,JSWENERGY.NS,NSE Nifty 500 (https://archives.nseindia.com/content/indices/ind_nifty500list.csv)
JSWINFRA,JSW Infrastructure Ltd.,Services,JSWINFRA.NS,NSE Nifty 500 (https://archives.nseindia.com/content/indices/ind_nifty500list.csv)
JSWSTEEL,JSW Steel Ltd.,Metals & Mining,JSWSTEEL.NS,NSE Nifty 500 (https://archives.nseindia.com/content/indices/ind_nifty500list.csv)
JAINREC,Jain Resource Recycling Ltd.,Metals & Mining,JAINREC.NS,NSE Nifty 500 (https://archives.nseindia.com/content/indices/ind_nifty500list.csv)
JPPOWER,Jaiprakash Power Ventures Ltd.,Power,JPPOWER.NS,NSE Nifty 500 (https://archives.nseindia.com/content/indices/ind_nifty500list.csv)
J&KBANK,Jammu & Kashmir Bank Ltd.,Financial Services,J&KBANK.NS,NSE Nifty 500 (https://archives.nseindia.com/content/indices/ind_nifty500list.csv)
JINDALSAW,Jindal Saw Ltd.,Capital Goods,JINDALSAW.NS,NSE Nifty 500 (https://archives.nseindia.com/content/indices/ind_nifty500list.csv)
JSL,Jindal Stainless Ltd.,Metals & Mining,JSL.NS,NSE Nifty 500 (https://archives.nseindia.com/content/indices/ind_nifty500list.csv)
JINDALSTEL,Jindal Steel Ltd.,Metals & Mining,JINDALSTEL.NS,NSE Nifty 500 (https://archives.nseindia.com/content/indices/ind_nifty500list.csv)
JIOFIN,Jio Financial Services Ltd.,Financial Services,JIOFIN.NS,NSE Nifty 500 (https://archives.nseindia.com/content/indices/ind_nifty500list.csv)
JUBLFOOD,Jubilant Foodworks Ltd.,Consumer Services,JUBLFOOD.NS,NSE Nifty 500 (https://archives.nseindia.com/content/indices/ind_nifty500list.csv)
JUBLINGREA,Jubilant Ingrevia Ltd.,Chemicals,JUBLINGREA.NS,NSE Nifty 500 (https://archives.nseindia.com/content/indices/ind_nifty500list.csv)
JWL,Jupiter Wagons Ltd.,Capital Goods,JWL.NS,NSE Nifty 500 (https://archives.nseindia.com/content/indices/ind_nifty500list.csv)
JYOTICNC,Jyoti CNC Automation Ltd.,Capital Goods,JYOTICNC.NS,NSE Nifty 500 (https://archives.nseindia.com/content/indices/ind_nifty500list.csv)
KPRMILL,K.P.R. Mill Ltd.,Textiles,KPRMILL.NS,NSE Nifty 500 (https://archives.nseindia.com/content/indices/ind_nifty500list.csv)
KEI,KEI Industries Ltd.,Capital Goods,KEI.NS,NSE Nifty 500 (https://archives.nseindia.com/content/indices/ind_nifty500list.csv)
KPITTECH,KPIT Technologies Ltd.,Information Technology,KPITTECH.NS,NSE Nifty 500 (https://archives.nseindia.com/content/indices/ind_nifty500list.csv)
KSB,KSB Ltd.,Capital Goods,KSB.NS,NSE Nifty 500 (https://archives.nseindia.com/content/indices/ind_nifty500list.csv)
KAJARIACER,Kajaria Ceramics Ltd.,Consumer Durables,KAJARIACER.NS,NSE Nifty 500 (https://archives.nseindia.com/content/indices/ind_nifty500list.csv)
KPIL,Kalpataru Projects International Ltd.,Construction,KPIL.NS,NSE Nifty 500 (https://archives.nseindia.com/content/indices/ind_nifty500list.csv)
KALYANKJIL,Kalyan Jewellers India Ltd.,Consumer Durables,KALYANKJIL.NS,NSE Nifty 500 (https://archives.nseindia.com/content/indices/ind_nifty500list.csv)
KARURVYSYA,Karur Vysya Bank Ltd.,Financial Services,KARURVYSYA.NS,NSE Nifty 500 (https://archives.nseindia.com/content/indices/ind_nifty500list.csv)
KAYNES,Kaynes Technology India Ltd.,Capital Goods,KAYNES.NS,NSE Nifty 500 (https://archives.nseindia.com/content/indices/ind_nifty500list.csv)
KEC,Kec International Ltd.,Construction,KEC.NS,NSE Nifty 500 (https://archives.nseindia.com/content/indices/ind_nifty500list.csv)
KFINTECH,Kfin Technologies Ltd.,Financial Services,KFINTECH.NS,NSE Nifty 500 (https://archives.nseindia.com/content/indices/ind_nifty500list.csv)
KIRLOSBROS,Kirloskar Brothers Ltd.,Capital Goods,KIRLOSBROS.NS,NSE Nifty 500 (https://archives.nseindia.com/content/indices/ind_nifty500list.csv)
KIRLOSENG,Kirloskar Oil Eng Ltd.,Capital Goods,KIRLOSENG.NS,NSE Nifty 500 (https://archives.nseindia.com/content/indices/ind_nifty500list.csv)
KOTAKBANK,Kotak Mahindra Bank Ltd.,Financial Services,KOTAKBANK.NS,NSE Nifty 500 (https://archives.nseindia.com/content/indices/ind_nifty500list.csv)
KIMS,Krishna Institute of Medical Sciences Ltd.,Healthcare,KIMS.NS,NSE Nifty 500 (https://archives.nseindia.com/content/indices/ind_nifty500list.csv)
LTF,L&T Finance Ltd.,Financial Services,LTF.NS,NSE Nifty 500 (https://archives.nseindia.com/content/indices/ind_nifty500list.csv)
LTTS,L&T Technology Services Ltd.,Information Technology,LTTS.NS,NSE Nifty 500 (https://archives.nseindia.com/content/indices/ind_nifty500list.csv)
LGEINDIA,LG Electronics India Ltd.,Consumer Durables,LGEINDIA.NS,NSE Nifty 500 (https://archives.nseindia.com/content/indices/ind_nifty500list.csv)
LICHSGFIN,LIC Housing Finance Ltd.,Financial Services,LICHSGFIN.NS,NSE Nifty 500 (https://archives.nseindia.com/content/indices/ind_nifty500list.csv)
LTFOODS,LT Foods Ltd.,Fast Moving Consumer Goods,LTFOODS.NS,NSE Nifty 500 (https://archives.nseindia.com/content/indices/ind_nifty500list.csv)
LTM,LTM Ltd.,Information Technology,LTM.NS,NSE Nifty 500 (https://archives.nseindia.com/content/indices/ind_nifty500list.csv)
LT,Larsen & Toubro Ltd.,Construction,LT.NS,NSE Nifty 500 (https://archives.nseindia.com/content/indices/ind_nifty500list.csv)
LAURUSLABS,Laurus Labs Ltd.,Healthcare,LAURUSLABS.NS,NSE Nifty 500 (https://archives.nseindia.com/content/indices/ind_nifty500list.csv)
LEMONTREE,Lemon Tree Hotels Ltd.,Consumer Services,LEMONTREE.NS,NSE Nifty 500 (https://archives.nseindia.com/content/indices/ind_nifty500list.csv)
LENSKART,Lenskart Solutions Ltd.,Consumer Services,LENSKART.NS,NSE Nifty 500 (https://archives.nseindia.com/content/indices/ind_nifty500list.csv)
LICI,Life Insurance Corporation of India,Financial Services,LICI.NS,NSE Nifty 500 (https://archives.nseindia.com/content/indices/ind_nifty500list.csv)
LINDEINDIA,Linde India Ltd.,Chemicals,LINDEINDIA.NS,NSE Nifty 500 (https://archives.nseindia.com/content/indices/ind_nifty500list.csv)
LLOYDSME,Lloyds Metals And Energy Ltd.,Metals & Mining,LLOYDSME.NS,NSE Nifty 500 (https://archives.nseindia.com/content/indices/ind_nifty500list.csv)
LODHA,Lodha Developers Ltd.,Realty,LODHA.NS,NSE Nifty 500 (https://archives.nseindia.com/content/indices/ind_nifty500list.csv)
LUPIN,Lupin Ltd.,Healthcare,LUPIN.NS,NSE Nifty 500 (https://archives.nseindia.com/content/indices/ind_nifty500list.csv)
MMTC,MMTC Ltd.,Services,MMTC.NS,NSE Nifty 500 (https://archives.nseindia.com/content/indices/ind_nifty500list.csv)
MRF,MRF Ltd.,Automobile and Auto Components,MRF.NS,NSE Nifty 500 (https://archives.nseindia.com/content/indices/ind_nifty500list.csv)
MTARTECH,MTAR Technologies Ltd.,Capital Goods,MTARTECH.NS,NSE Nifty 500 (https://archives.nseindia.com/content/indices/ind_nifty500list.csv)
MGL,Mahanagar Gas Ltd.,Oil Gas & Consumable Fuels,MGL.NS,NSE Nifty 500 (https://archives.nseindia.com/content/indices/ind_nifty500list.csv)
M&MFIN,Mahindra & Mahindra Financial Services Ltd.,Financial Services,M&MFIN.NS,NSE Nifty 500 (https://archives.nseindia.com/content/indices/ind_nifty500list.csv)
M&M,Mahindra & Mahindra Ltd.,Automobile and Auto Components,M&M.NS,NSE Nifty 500 (https://archives.nseindia.com/content/indices/ind_nifty500list.csv)
MANAPPURAM,Manappuram Finance Ltd.,Financial Services,MANAPPURAM.NS,NSE Nifty 500 (https://archives.nseindia.com/content/indices/ind_nifty500list.csv)
MRPL,Mangalore Refinery & Petrochemicals Ltd.,Oil Gas & Consumable Fuels,MRPL.NS,NSE Nifty 500 (https://archives.nseindia.com/content/indices/ind_nifty500list.csv)
MANKIND,Mankind Pharma Ltd.,Healthcare,MANKIND.NS,NSE Nifty 500 (https://archives.nseindia.com/content/indices/ind_nifty500list.csv)
MARICO,Marico Ltd.,Fast Moving Consumer Goods,MARICO.NS,NSE Nifty 500 (https://archives.nseindia.com/content/indices/ind_nifty500list.csv)
MARUTI,Maruti Suzuki India Ltd.,Automobile and Auto Components,MARUTI.NS,NSE Nifty 500 (https://archives.nseindia.com/content/indices/ind_nifty500list.csv)
MFSL,Max Financial Services Ltd.,Financial Services,MFSL.NS,NSE Nifty 500 (https://archives.nseindia.com/content/indices/ind_nifty500list.csv)
MAXHEALTH,Max Healthcare Institute Ltd.,Healthcare,MAXHEALTH.NS,NSE Nifty 500 (https://archives.nseindia.com/content/indices/ind_nifty500list.csv)
MAZDOCK,Mazagoan Dock Shipbuilders Ltd.,Capital Goods,MAZDOCK.NS,NSE Nifty 500 (https://archives.nseindia.com/content/indices/ind_nifty500list.csv)
MEESHO,Meesho Ltd.,Consumer Services,MEESHO.NS,NSE Nifty 500 (https://archives.nseindia.com/content/indices/ind_nifty500list.csv)
MINDACORP,Minda Corporation Ltd.,Automobile and Auto Components,MINDACORP.NS,NSE Nifty 500 (https://archives.nseindia.com/content/indices/ind_nifty500list.csv)
MSUMI,Motherson Sumi Wiring India Ltd.,Automobile and Auto Components,MSUMI.NS,NSE Nifty 500 (https://archives.nseindia.com/content/indices/ind_nifty500list.csv)
MOTILALOFS,Motilal Oswal Financial Services Ltd.,Financial Services,MOTILALOFS.NS,NSE Nifty 500 (https://archives.nseindia.com/content/indices/ind_nifty500list.csv)
MPHASIS,MphasiS Ltd.,Information Technology,MPHASIS.NS,NSE Nifty 500 (https://archives.nseindia.com/content/indices/ind_nifty500list.csv)
MCX,Multi Commodity Exchange of India Ltd.,Financial Services,MCX.NS,NSE Nifty 500 (https://archives.nseindia.com/content/indices/ind_nifty500list.csv)
MUTHOOTFIN,Muthoot Finance Ltd.,Financial Services,MUTHOOTFIN.NS,NSE Nifty 500 (https://archives.nseindia.com/content/indices/ind_nifty500list.csv)
NATCOPHARM,NATCO Pharma Ltd.,Healthcare,NATCOPHARM.NS,NSE Nifty 500 (https://archives.nseindia.com/content/indices/ind_nifty500list.csv)
NBCC,NBCC (India) Ltd.,Construction,NBCC.NS,NSE Nifty 500 (https://archives.nseindia.com/content/indices/ind_nifty500list.csv)
NCC,NCC Ltd.,Construction,NCC.NS,NSE Nifty 500 (https://archives.nseindia.com/content/indices/ind_nifty500list.csv)
NHPC,NHPC Ltd.,Power,NHPC.NS,NSE Nifty 500 (https://archives.nseindia.com/content/indices/ind_nifty500list.csv)
NLCINDIA,NLC India Ltd.,Power,NLCINDIA.NS,NSE Nifty 500 (https://archives.nseindia.com/content/indices/ind_nifty500list.csv)
NMDC,NMDC Ltd.,Metals & Mining,NMDC.NS,NSE Nifty 500 (https://archives.nseindia.com/content/indices/ind_nifty500list.csv)
NSLNISP,NMDC Steel Ltd.,Metals & Mining,NSLNISP.NS,NSE Nifty 500 (https://archives.nseindia.com/content/indices/ind_nifty500list.csv)
NTPCGREEN,NTPC Green Energy Ltd.,Power,NTPCGREEN.NS,NSE Nifty 500 (https://archives.nseindia.com/content/indices/ind_nifty500list.csv)
NTPC,NTPC Ltd.,Power,NTPC.NS,NSE Nifty 500 (https://archives.nseindia.com/content/indices/ind_nifty500list.csv)
NH,Narayana Hrudayalaya Ltd.,Healthcare,NH.NS,NSE Nifty 500 (https://archives.nseindia.com/content/indices/ind_nifty500list.csv)
NATIONALUM,National Aluminium Co. Ltd.,Metals & Mining,NATIONALUM.NS,NSE Nifty 500 (https://archives.nseindia.com/content/indices/ind_nifty500list.csv)
NAVA,Nava Ltd.,Power,NAVA.NS,NSE Nifty 500 (https://archives.nseindia.com/content/indices/ind_nifty500list.csv)
NAVINFLUOR,Navin Fluorine International Ltd.,Chemicals,NAVINFLUOR.NS,NSE Nifty 500 (https://archives.nseindia.com/content/indices/ind_nifty500list.csv)
NESTLEIND,Nestle India Ltd.,Fast Moving Consumer Goods,NESTLEIND.NS,NSE Nifty 500 (https://archives.nseindia.com/content/indices/ind_nifty500list.csv)
NETWEB,Netweb Technologies India Ltd.,Information Technology,NETWEB.NS,NSE Nifty 500 (https://archives.nseindia.com/content/indices/ind_nifty500list.csv)
NEULANDLAB,Neuland Laboratories Ltd.,Healthcare,NEULANDLAB.NS,NSE Nifty 500 (https://archives.nseindia.com/content/indices/ind_nifty500list.csv)
NAM-INDIA,Nippon Life India Asset Management Ltd.,Financial Services,NAM-INDIA.NS,NSE Nifty 500 (https://archives.nseindia.com/content/indices/ind_nifty500list.csv)
NUVAMA,Nuvama Wealth Management Ltd.,Financial Services,NUVAMA.NS,NSE Nifty 500 (https://archives.nseindia.com/content/indices/ind_nifty500list.csv)
NUVOCO,Nuvoco Vistas Corporation Ltd.,Construction Materials,NUVOCO.NS,NSE Nifty 500 (https://archives.nseindia.com/content/indices/ind_nifty500list.csv)
OBEROIRLTY,Oberoi Realty Ltd.,Realty,OBEROIRLTY.NS,NSE Nifty 500 (https://archives.nseindia.com/content/indices/ind_nifty500list.csv)
ONGC,Oil & Natural Gas Corporation Ltd.,Oil Gas & Consumable Fuels,ONGC.NS,NSE Nifty 500 (https://archives.nseindia.com/content/indices/ind_nifty500list.csv)
OIL,Oil India Ltd.,Oil Gas & Consumable Fuels,OIL.NS,NSE Nifty 500 (https://archives.nseindia.com/content/indices/ind_nifty500list.csv)
OLAELEC,Ola Electric Mobility Ltd.,Automobile and Auto Components,OLAELEC.NS,NSE Nifty 500 (https://archives.nseindia.com/content/indices/ind_nifty500list.csv)
OLECTRA,Olectra Greentech Ltd.,Automobile and Auto Components,OLECTRA.NS,NSE Nifty 500 (https://archives.nseindia.com/content/indices/ind_nifty500list.csv)
PAYTM,One 97 Communications Ltd.,Financial Services,PAYTM.NS,NSE Nifty 500 (https://archives.nseindia.com/content/indices/ind_nifty500list.csv)
ONESOURCE,Onesource Specialty Pharma Ltd.,Healthcare,ONESOURCE.NS,NSE Nifty 500 (https://archives.nseindia.com/content/indices/ind_nifty500list.csv)
OFSS,Oracle Financial Services Software Ltd.,Information Technology,OFSS.NS,NSE Nifty 500 (https://archives.nseindia.com/content/indices/ind_nifty500list.csv)
POLICYBZR,PB Fintech Ltd.,Financial Services,POLICYBZR.NS,NSE Nifty 500 (https://archives.nseindia.com/content/indices/ind_nifty500list.csv)
PCBL,PCBL Chemical Ltd.,Chemicals,PCBL.NS,NSE Nifty 500 (https://archives.nseindia.com/content/indices/ind_nifty500list.csv)
PGEL,PG Electroplast Ltd.,Consumer Durables,PGEL.NS,NSE Nifty 500 (https://archives.nseindia.com/content/indices/ind_nifty500list.csv)
PIIND,PI Industries Ltd.,Chemicals,PIIND.NS,NSE Nifty 500 (https://archives.nseindia.com/content/indices/ind_nifty500list.csv)
PNBHOUSING,PNB Housing Finance Ltd.,Financial Services,PNBHOUSING.NS,NSE Nifty 500 (https://archives.nseindia.com/content/indices/ind_nifty500list.csv)
PTCIL,PTC Industries Ltd.,Capital Goods,PTCIL.NS,NSE Nifty 500 (https://archives.nseindia.com/content/indices/ind_nifty500list.csv)
PVRINOX,PVR INOX Ltd.,Media Entertainment & Publication,PVRINOX.NS,NSE Nifty 500 (https://archives.nseindia.com/content/indices/ind_nifty500list.csv)
PAGEIND,Page Industries Ltd.,Textiles,PAGEIND.NS,NSE Nifty 500 (https://archives.nseindia.com/content/indices/ind_nifty500list.csv)
PARADEEP,Paradeep Phosphates Ltd.,Chemicals,PARADEEP.NS,NSE Nifty 500 (https://archives.nseindia.com/content/indices/ind_nifty500list.csv)
PATANJALI,Patanjali Foods Ltd.,Fast Moving Consumer Goods,PATANJALI.NS,NSE Nifty 500 (https://archives.nseindia.com/content/indices/ind_nifty500list.csv)
PERSISTENT,Persistent Systems Ltd.,Information Technology,PERSISTENT.NS,NSE Nifty 500 (https://archives.nseindia.com/content/indices/ind_nifty500list.csv)
PETRONET,Petronet LNG Ltd.,Oil Gas & Consumable Fuels,PETRONET.NS,NSE Nifty 500 (https://archives.nseindia.com/content/indices/ind_nifty500list.csv)
PHOENIXLTD,Phoenix Mills Ltd.,Realty,PHOENIXLTD.NS,NSE Nifty 500 (https://archives.nseindia.com/content/indices/ind_nifty500list.csv)
PWL,Physicswallah Ltd.,Consumer Services,PWL.NS,NSE Nifty 500 (https://archives.nseindia.com/content/indices/ind_nifty500list.csv)
PIDILITIND,Pidilite Industries Ltd.,Chemicals,PIDILITIND.NS,NSE Nifty 500 (https://archives.nseindia.com/content/indices/ind_nifty500list.csv)
PINELABS,Pine Labs Ltd.,Financial Services,PINELABS.NS,NSE Nifty 500 (https://archives.nseindia.com/content/indices/ind_nifty500list.csv)
PIRAMALFIN,Piramal Finance Ltd.,Financial Services,PIRAMALFIN.NS,NSE Nifty 500 (https://archives.nseindia.com/content/indices/ind_nifty500list.csv)
PPLPHARMA,Piramal Pharma Ltd.,Healthcare,PPLPHARMA.NS,NSE Nifty 500 (https://archives.nseindia.com/content/indices/ind_nifty500list.csv)
POLYMED,Poly Medicure Ltd.,Healthcare,POLYMED.NS,NSE Nifty 500 (https://archives.nseindia.com/content/indices/ind_nifty500list.csv)
POLYCAB,Polycab India Ltd.,Capital Goods,POLYCAB.NS,NSE Nifty 500 (https://archives.nseindia.com/content/indices/ind_nifty500list.csv)
POONAWALLA,Poonawalla Fincorp Ltd.,Financial Services,POONAWALLA.NS,NSE Nifty 500 (https://archives.nseindia.com/content/indices/ind_nifty500list.csv)
PFC,Power Finance Corporation Ltd.,Financial Services,PFC.NS,NSE Nifty 500 (https://archives.nseindia.com/content/indices/ind_nifty500list.csv)
POWERGRID,Power Grid Corporation of India Ltd.,Power,POWERGRID.NS,NSE Nifty 500 (https://archives.nseindia.com/content/indices/ind_nifty500list.csv)
PREMIERENE,Premier Energies Ltd.,Capital Goods,PREMIERENE.NS,NSE Nifty 500 (https://archives.nseindia.com/content/indices/ind_nifty500list.csv)
PRESTIGE,Prestige Estates Projects Ltd.,Realty,PRESTIGE.NS,NSE Nifty 500 (https://archives.nseindia.com/content/indices/ind_nifty500list.csv)
PFOCUS,Prime Focus Ltd.,Media Entertainment & Publication,PFOCUS.NS,NSE Nifty 500 (https://archives.nseindia.com/content/indices/ind_nifty500list.csv)
PRIVISCL,Privi Speciality Chemicals Ltd.,Chemicals,PRIVISCL.NS,NSE Nifty 500 (https://archives.nseindia.com/content/indices/ind_nifty500list.csv)
PNB,Punjab National Bank,Financial Services,PNB.NS,NSE Nifty 500 (https://archives.nseindia.com/content/indices/ind_nifty500list.csv)
RRKABEL,R R Kabel Ltd.,Capital Goods,RRKABEL.NS,NSE Nifty 500 (https://archives.nseindia.com/content/indices/ind_nifty500list.csv)
RBLBANK,RBL Bank Ltd.,Financial Services,RBLBANK.NS,NSE Nifty 500 (https://archives.nseindia.com/content/indices/ind_nifty500list.csv)
RECLTD,REC Ltd.,Financial Services,RECLTD.NS,NSE Nifty 500 (https://archives.nseindia.com/content/indices/ind_nifty500list.csv)
RHIM,RHI MAGNESITA INDIA LTD.,Capital Goods,RHIM.NS,NSE Nifty 500 (https://archives.nseindia.com/content/indices/ind_nifty500list.csv)
RITES,RITES Ltd.,Construction,RITES.NS,NSE Nifty 500 (https://archives.nseindia.com/content/indices/ind_nifty500list.csv)
RADICO,Radico Khaitan Ltd,Fast Moving Consumer Goods,RADICO.NS,NSE Nifty 500 (https://archives.nseindia.com/content/indices/ind_nifty500list.csv)
RVNL,Rail Vikas Nigam Ltd.,Construction,RVNL.NS,NSE Nifty 500 (https://archives.nseindia.com/content/indices/ind_nifty500list.csv)
RAILTEL,Railtel Corporation Of India Ltd.,Telecommunication,RAILTEL.NS,NSE Nifty 500 (https://archives.nseindia.com/content/indices/ind_nifty500list.csv)
RAINBOW,Rainbow Childrens Medicare Ltd.,Healthcare,RAINBOW.NS,NSE Nifty 500 (https://archives.nseindia.com/content/indices/ind_nifty500list.csv)
RKFORGE,Ramkrishna Forgings Ltd.,Automobile and Auto Components,RKFORGE.NS,NSE Nifty 500 (https://archives.nseindia.com/content/indices/ind_nifty500list.csv)
REDINGTON,Redington Ltd.,Services,REDINGTON.NS,NSE Nifty 500 (https://archives.nseindia.com/content/indices/ind_nifty500list.csv)
RELIANCE,Reliance Industries Ltd.,Oil Gas & Consumable Fuels,RELIANCE.NS,NSE Nifty 500 (https://archives.nseindia.com/content/indices/ind_nifty500list.csv)
RPOWER,Reliance Power Ltd.,Power,RPOWER.NS,NSE Nifty 500 (https://archives.nseindia.com/content/indices/ind_nifty500list.csv)
RUBICON,Rubicon Research Ltd.,Healthcare,RUBICON.NS,NSE Nifty 500 (https://archives.nseindia.com/content/indices/ind_nifty500list.csv)
SBICARD,SBI Cards and Payment Services Ltd.,Financial Services,SBICARD.NS,NSE Nifty 500 (https://archives.nseindia.com/content/indices/ind_nifty500list.csv)
SBILIFE,SBI Life Insurance Company Ltd.,Financial Services,SBILIFE.NS,NSE Nifty 500 (https://archives.nseindia.com/content/indices/ind_nifty500list.csv)
SJVN,SJVN Ltd.,Power,SJVN.NS,NSE Nifty 500 (https://archives.nseindia.com/content/indices/ind_nifty500list.csv)
SHRIPISTON,SPR Auto Technologies Ltd.,Automobile and Auto Components,SHRIPISTON.NS,NSE Nifty 500 (https://archives.nseindia.com/content/indices/ind_nifty500list.csv)
SRF,SRF Ltd.,Chemicals,SRF.NS,NSE Nifty 500 (https://archives.nseindia.com/content/indices/ind_nifty500list.csv)
SAGILITY,Sagility Ltd.,Information Technology,SAGILITY.NS,NSE Nifty 500 (https://archives.nseindia.com/content/indices/ind_nifty500list.csv)
SAILIFE,Sai Life Sciences Ltd.,Healthcare,SAILIFE.NS,NSE Nifty 500 (https://archives.nseindia.com/content/indices/ind_nifty500list.csv)
SAMMAANCAP,Sammaan Capital Ltd.,Financial Services,SAMMAANCAP.NS,NSE Nifty 500 (https://archives.nseindia.com/content/indices/ind_nifty500list.csv)
MOTHERSON,Samvardhana Motherson International Ltd.,Automobile and Auto Components,MOTHERSON.NS,NSE Nifty 500 (https://archives.nseindia.com/content/indices/ind_nifty500list.csv)
SANSERA,Sansera Engineering Ltd.,Automobile and Auto Components,SANSERA.NS,NSE Nifty 500 (https://archives.nseindia.com/content/indices/ind_nifty500list.csv)
SARDAEN,Sarda Energy and Minerals Ltd.,Metals & Mining,SARDAEN.NS,NSE Nifty 500 (https://archives.nseindia.com/content/indices/ind_nifty500list.csv)
SCHAEFFLER,Schaeffler India Ltd.,Automobile and Auto Components,SCHAEFFLER.NS,NSE Nifty 500 (https://archives.nseindia.com/content/indices/ind_nifty500list.csv)
SCHNEIDER,Schneider Electric Infrastructure Ltd.,Capital Goods,SCHNEIDER.NS,NSE Nifty 500 (https://archives.nseindia.com/content/indices/ind_nifty500list.csv)
SCI,Shipping Corporation of India Ltd.,Services,SCI.NS,NSE Nifty 500 (https://archives.nseindia.com/content/indices/ind_nifty500list.csv)
SHREECEM,Shree Cement Ltd.,Construction Materials,SHREECEM.NS,NSE Nifty 500 (https://archives.nseindia.com/content/indices/ind_nifty500list.csv)
SHRIRAMFIN,Shriram Finance Ltd.,Financial Services,SHRIRAMFIN.NS,NSE Nifty 500 (https://archives.nseindia.com/content/indices/ind_nifty500list.csv)
SHYAMMETL,Shyam Metalics and Energy Ltd.,Capital Goods,SHYAMMETL.NS,NSE Nifty 500 (https://archives.nseindia.com/content/indices/ind_nifty500list.csv)
ENRIN,Siemens Energy India Ltd.,Capital Goods,ENRIN.NS,NSE Nifty 500 (https://archives.nseindia.com/content/indices/ind_nifty500list.csv)
SIEMENS,Siemens Ltd.,Capital Goods,SIEMENS.NS,NSE Nifty 500 (https://archives.nseindia.com/content/indices/ind_nifty500list.csv)
SIGNATURE,Signatureglobal (India) Ltd.,Realty,SIGNATURE.NS,NSE Nifty 500 (https://archives.nseindia.com/content/indices/ind_nifty500list.csv)
SOBHA,Sobha Ltd.,Realty,SOBHA.NS,NSE Nifty 500 (https://archives.nseindia.com/content/indices/ind_nifty500list.csv)
SOLARINDS,Solar Industries India Ltd.,Chemicals,SOLARINDS.NS,NSE Nifty 500 (https://archives.nseindia.com/content/indices/ind_nifty500list.csv)
SONACOMS,Sona BLW Precision Forgings Ltd.,Automobile and Auto Components,SONACOMS.NS,NSE Nifty 500 (https://archives.nseindia.com/content/indices/ind_nifty500list.csv)
STARHEALTH,Star Health and Allied Insurance Company Ltd.,Financial Services,STARHEALTH.NS,NSE Nifty 500 (https://archives.nseindia.com/content/indices/ind_nifty500list.csv)
SBIN,State Bank of India,Financial Services,SBIN.NS,NSE Nifty 500 (https://archives.nseindia.com/content/indices/ind_nifty500list.csv)
SAIL,Steel Authority of India Ltd.,Metals & Mining,SAIL.NS,NSE Nifty 500 (https://archives.nseindia.com/content/indices/ind_nifty500list.csv)
STLTECH,Sterlite Technologies Ltd.,Telecommunication,STLTECH.NS,NSE Nifty 500 (https://archives.nseindia.com/content/indices/ind_nifty500list.csv)
SUMICHEM,Sumitomo Chemical India Ltd.,Chemicals,SUMICHEM.NS,NSE Nifty 500 (https://archives.nseindia.com/content/indices/ind_nifty500list.csv)
SUNPHARMA,Sun Pharmaceutical Industries Ltd.,Healthcare,SUNPHARMA.NS,NSE Nifty 500 (https://archives.nseindia.com/content/indices/ind_nifty500list.csv)
SUNTV,Sun TV Network Ltd.,Media Entertainment & Publication,SUNTV.NS,NSE Nifty 500 (https://archives.nseindia.com/content/indices/ind_nifty500list.csv)
SUNDARMFIN,Sundaram Finance Ltd.,Financial Services,SUNDARMFIN.NS,NSE Nifty 500 (https://archives.nseindia.com/content/indices/ind_nifty500list.csv)
SUPREMEIND,Supreme Industries Ltd.,Capital Goods,SUPREMEIND.NS,NSE Nifty 500 (https://archives.nseindia.com/content/indices/ind_nifty500list.csv)
SUZLON,Suzlon Energy Ltd.,Capital Goods,SUZLON.NS,NSE Nifty 500 (https://archives.nseindia.com/content/indices/ind_nifty500list.csv)
SWANCORP,Swan Corp Ltd.,Chemicals,SWANCORP.NS,NSE Nifty 500 (https://archives.nseindia.com/content/indices/ind_nifty500list.csv)
SWIGGY,Swiggy Ltd.,Consumer Services,SWIGGY.NS,NSE Nifty 500 (https://archives.nseindia.com/content/indices/ind_nifty500list.csv)
SYNGENE,Syngene International Ltd.,Healthcare,SYNGENE.NS,NSE Nifty 500 (https://archives.nseindia.com/content/indices/ind_nifty500list.csv)
SYRMA,Syrma SGS Technology Ltd.,Capital Goods,SYRMA.NS,NSE Nifty 500 (https://archives.nseindia.com/content/indices/ind_nifty500list.csv)
TBOTEK,TBO Tek Ltd.,Consumer Services,TBOTEK.NS,NSE Nifty 500 (https://archives.nseindia.com/content/indices/ind_nifty500list.csv)
TDPOWERSYS,TD Power Systems Ltd.,Capital Goods,TDPOWERSYS.NS,NSE Nifty 500 (https://archives.nseindia.com/content/indices/ind_nifty500list.csv)
TVSMOTOR,TVS Motor Company Ltd.,Automobile and Auto Components,TVSMOTOR.NS,NSE Nifty 500 (https://archives.nseindia.com/content/indices/ind_nifty500list.csv)
TATACAP,Tata Capital Ltd.,Financial Services,TATACAP.NS,NSE Nifty 500 (https://archives.nseindia.com/content/indices/ind_nifty500list.csv)
TATACHEM,Tata Chemicals Ltd.,Chemicals,TATACHEM.NS,NSE Nifty 500 (https://archives.nseindia.com/content/indices/ind_nifty500list.csv)
TATACOMM,Tata Communications Ltd.,Telecommunication,TATACOMM.NS,NSE Nifty 500 (https://archives.nseindia.com/content/indices/ind_nifty500list.csv)
TCS,Tata Consultancy Services Ltd.,Information Technology,TCS.NS,NSE Nifty 500 (https://archives.nseindia.com/content/indices/ind_nifty500list.csv)
TATACONSUM,Tata Consumer Products Ltd.,Fast Moving Consumer Goods,TATACONSUM.NS,NSE Nifty 500 (https://archives.nseindia.com/content/indices/ind_nifty500list.csv)
TATAELXSI,Tata Elxsi Ltd.,Information Technology,TATAELXSI.NS,NSE Nifty 500 (https://archives.nseindia.com/content/indices/ind_nifty500list.csv)
TATAINVEST,Tata Investment Corporation Ltd.,Financial Services,TATAINVEST.NS,NSE Nifty 500 (https://archives.nseindia.com/content/indices/ind_nifty500list.csv)
TMCV,Tata Motors Ltd.,Capital Goods,TMCV.NS,NSE Nifty 500 (https://archives.nseindia.com/content/indices/ind_nifty500list.csv)
TMPV,Tata Motors Passenger Vehicles Ltd.,Automobile and Auto Components,TMPV.NS,NSE Nifty 500 (https://archives.nseindia.com/content/indices/ind_nifty500list.csv)
TATAPOWER,Tata Power Co. Ltd.,Power,TATAPOWER.NS,NSE Nifty 500 (https://archives.nseindia.com/content/indices/ind_nifty500list.csv)
TATASTEEL,Tata Steel Ltd.,Metals & Mining,TATASTEEL.NS,NSE Nifty 500 (https://archives.nseindia.com/content/indices/ind_nifty500list.csv)
TATATECH,Tata Technologies Ltd.,Information Technology,TATATECH.NS,NSE Nifty 500 (https://archives.nseindia.com/content/indices/ind_nifty500list.csv)
TTML,Tata Teleservices (Maharashtra) Ltd.,Telecommunication,TTML.NS,NSE Nifty 500 (https://archives.nseindia.com/content/indices/ind_nifty500list.csv)
TECHM,Tech Mahindra Ltd.,Information Technology,TECHM.NS,NSE Nifty 500 (https://archives.nseindia.com/content/indices/ind_nifty500list.csv)
TECHNOE,Techno Electric & Engineering Company Ltd.,Construction,TECHNOE.NS,NSE Nifty 500 (https://archives.nseindia.com/content/indices/ind_nifty500list.csv)
TEGA,Tega Industries Ltd.,Capital Goods,TEGA.NS,NSE Nifty 500 (https://archives.nseindia.com/content/indices/ind_nifty500list.csv)
TEJASNET,Tejas Networks Ltd.,Telecommunication,TEJASNET.NS,NSE Nifty 500 (https://archives.nseindia.com/content/indices/ind_nifty500list.csv)
TENNIND,Tenneco Clean Air India Ltd.,Automobile and Auto Components,TENNIND.NS,NSE Nifty 500 (https://archives.nseindia.com/content/indices/ind_nifty500list.csv)
THANGAMAYL,Thangamayil Jewellery Ltd.,Consumer Durables,THANGAMAYL.NS,NSE Nifty 500 (https://archives.nseindia.com/content/indices/ind_nifty500list.csv)
NIACL,The New India Assurance Company Ltd.,Financial Services,NIACL.NS,NSE Nifty 500 (https://archives.nseindia.com/content/indices/ind_nifty500list.csv)
RAMCOCEM,The Ramco Cements Ltd.,Construction Materials,RAMCOCEM.NS,NSE Nifty 500 (https://archives.nseindia.com/content/indices/ind_nifty500list.csv)
THERMAX,Thermax Ltd.,Capital Goods,THERMAX.NS,NSE Nifty 500 (https://archives.nseindia.com/content/indices/ind_nifty500list.csv)
TIMKEN,Timken India Ltd.,Capital Goods,TIMKEN.NS,NSE Nifty 500 (https://archives.nseindia.com/content/indices/ind_nifty500list.csv)
TITAGARH,Titagarh Rail Systems Ltd.,Capital Goods,TITAGARH.NS,NSE Nifty 500 (https://archives.nseindia.com/content/indices/ind_nifty500list.csv)
TITAN,Titan Company Ltd.,Consumer Durables,TITAN.NS,NSE Nifty 500 (https://archives.nseindia.com/content/indices/ind_nifty500list.csv)
TORNTPHARM,Torrent Pharmaceuticals Ltd.,Healthcare,TORNTPHARM.NS,NSE Nifty 500 (https://archives.nseindia.com/content/indices/ind_nifty500list.csv)
TORNTPOWER,Torrent Power Ltd.,Power,TORNTPOWER.NS,NSE Nifty 500 (https://archives.nseindia.com/content/indices/ind_nifty500list.csv)
TARIL,Transformers And Rectifiers (India) Ltd.,Capital Goods,TARIL.NS,NSE Nifty 500 (https://archives.nseindia.com/content/indices/ind_nifty500list.csv)
TRENT,Trent Ltd.,Consumer Services,TRENT.NS,NSE Nifty 500 (https://archives.nseindia.com/content/indices/ind_nifty500list.csv)
TRIDENT,Trident Ltd.,Textiles,TRIDENT.NS,NSE Nifty 500 (https://archives.nseindia.com/content/indices/ind_nifty500list.csv)
TRITURBINE,Triveni Turbine Ltd.,Capital Goods,TRITURBINE.NS,NSE Nifty 500 (https://archives.nseindia.com/content/indices/ind_nifty500list.csv)
TIINDIA,Tube Investments of India Ltd.,Automobile and Auto Components,TIINDIA.NS,NSE Nifty 500 (https://archives.nseindia.com/content/indices/ind_nifty500list.csv)
UCOBANK,UCO Bank,Financial Services,UCOBANK.NS,NSE Nifty 500 (https://archives.nseindia.com/content/indices/ind_nifty500list.csv)
UNOMINDA,UNO Minda Ltd.,Automobile and Auto Components,UNOMINDA.NS,NSE Nifty 500 (https://archives.nseindia.com/content/indices/ind_nifty500list.csv)
UPL,UPL Ltd.,Chemicals,UPL.NS,NSE Nifty 500 (https://archives.nseindia.com/content/indices/ind_nifty500list.csv)
UTIAMC,UTI Asset Management Company Ltd.,Financial Services,UTIAMC.NS,NSE Nifty 500 (https://archives.nseindia.com/content/indices/ind_nifty500list.csv)
ULTRACEMCO,UltraTech Cement Ltd.,Construction Materials,ULTRACEMCO.NS,NSE Nifty 500 (https://archives.nseindia.com/content/indices/ind_nifty500list.csv)
UNIONBANK,Union Bank of India,Financial Services,UNIONBANK.NS,NSE Nifty 500 (https://archives.nseindia.com/content/indices/ind_nifty500list.csv)
UBL,United Breweries Ltd.,Fast Moving Consumer Goods,UBL.NS,NSE Nifty 500 (https://archives.nseindia.com/content/indices/ind_nifty500list.csv)
UNITDSPR,United Spirits Ltd.,Fast Moving Consumer Goods,UNITDSPR.NS,NSE Nifty 500 (https://archives.nseindia.com/content/indices/ind_nifty500list.csv)
URBANCO,Urban Company Ltd.,Consumer Services,URBANCO.NS,NSE Nifty 500 (https://archives.nseindia.com/content/indices/ind_nifty500list.csv)
USHAMART,Usha Martin Ltd.,Capital Goods,USHAMART.NS,NSE Nifty 500 (https://archives.nseindia.com/content/indices/ind_nifty500list.csv)
VTL,Vardhman Textiles Ltd.,Textiles,VTL.NS,NSE Nifty 500 (https://archives.nseindia.com/content/indices/ind_nifty500list.csv)
VBL,Varun Beverages Ltd.,Fast Moving Consumer Goods,VBL.NS,NSE Nifty 500 (https://archives.nseindia.com/content/indices/ind_nifty500list.csv)
VAML,Vedanta Aluminium Metal Ltd.,Metals & Mining,VAML.NS,NSE Nifty 500 (https://archives.nseindia.com/content/indices/ind_nifty500list.csv)
VISL,Vedanta Iron and Steel Ltd.,Metals & Mining,VISL.NS,NSE Nifty 500 (https://archives.nseindia.com/content/indices/ind_nifty500list.csv)
VEDL,Vedanta Ltd.,Metals & Mining,VEDL.NS,NSE Nifty 500 (https://archives.nseindia.com/content/indices/ind_nifty500list.csv)
VOGL,Vedanta Oil and Gas Ltd.,Oil Gas & Consumable Fuels,VOGL.NS,NSE Nifty 500 (https://archives.nseindia.com/content/indices/ind_nifty500list.csv)
VEDPOWER,Vedanta Power Ltd.,Power,VEDPOWER.NS,NSE Nifty 500 (https://archives.nseindia.com/content/indices/ind_nifty500list.csv)
VIJAYA,Vijaya Diagnostic Centre Ltd.,Healthcare,VIJAYA.NS,NSE Nifty 500 (https://archives.nseindia.com/content/indices/ind_nifty500list.csv)
VMM,Vishal Mega Mart Ltd.,Consumer Services,VMM.NS,NSE Nifty 500 (https://archives.nseindia.com/content/indices/ind_nifty500list.csv)
IDEA,Vodafone Idea Ltd.,Telecommunication,IDEA.NS,NSE Nifty 500 (https://archives.nseindia.com/content/indices/ind_nifty500list.csv)
VOLTAS,Voltas Ltd.,Consumer Durables,VOLTAS.NS,NSE Nifty 500 (https://archives.nseindia.com/content/indices/ind_nifty500list.csv)
WAAREEENER,Waaree Energies Ltd.,Capital Goods,WAAREEENER.NS,NSE Nifty 500 (https://archives.nseindia.com/content/indices/ind_nifty500list.csv)
WELCORP,Welspun Corp Ltd.,Capital Goods,WELCORP.NS,NSE Nifty 500 (https://archives.nseindia.com/content/indices/ind_nifty500list.csv)
WELSPUNLIV,Welspun Living Ltd.,Textiles,WELSPUNLIV.NS,NSE Nifty 500 (https://archives.nseindia.com/content/indices/ind_nifty500list.csv)
WHIRLPOOL,Whirlpool of India Ltd.,Consumer Durables,WHIRLPOOL.NS,NSE Nifty 500 (https://archives.nseindia.com/content/indices/ind_nifty500list.csv)
WIPRO,Wipro Ltd.,Information Technology,WIPRO.NS,NSE Nifty 500 (https://archives.nseindia.com/content/indices/ind_nifty500list.csv)
WOCKPHARMA,Wockhardt Ltd.,Healthcare,WOCKPHARMA.NS,NSE Nifty 500 (https://archives.nseindia.com/content/indices/ind_nifty500list.csv)
YESBANK,Yes Bank Ltd.,Financial Services,YESBANK.NS,NSE Nifty 500 (https://archives.nseindia.com/content/indices/ind_nifty500list.csv)
ZFCVINDIA,ZF Commercial Vehicle Control Systems India Ltd.,Automobile and Auto Components,ZFCVINDIA.NS,NSE Nifty 500 (https://archives.nseindia.com/content/indices/ind_nifty500list.csv)
ZEEL,Zee Entertainment Enterprises Ltd.,Media Entertainment & Publication,ZEEL.NS,NSE Nifty 500 (https://archives.nseindia.com/content/indices/ind_nifty500list.csv)
ZENTEC,Zen Technologies Ltd.,Capital Goods,ZENTEC.NS,NSE Nifty 500 (https://archives.nseindia.com/content/indices/ind_nifty500list.csv)
ZENSARTECH,Zensar Technolgies Ltd.,Information Technology,ZENSARTECH.NS,NSE Nifty 500 (https://archives.nseindia.com/content/indices/ind_nifty500list.csv)
ZYDUSLIFE,Zydus Lifesciences Ltd.,Healthcare,ZYDUSLIFE.NS,NSE Nifty 500 (https://archives.nseindia.com/content/indices/ind_nifty500list.csv)
ZYDUSWELL,Zydus Wellness Ltd.,Fast Moving Consumer Goods,ZYDUSWELL.NS,NSE Nifty 500 (https://archives.nseindia.com/content/indices/ind_nifty500list.csv)
ECLERX,eClerx Services Ltd.,Services,ECLERX.NS,NSE Nifty 500 (https://archives.nseindia.com/content/indices/ind_nifty500list.csv)
