symbol,company,nse_industry,exclusion_reason
360ONE,360 ONE WAM Ltd.,Financial Services,financial / utility (excluded by method)
ACMESOLAR,ACME Solar Holdings Ltd.,Power,financial / utility (excluded by method)
AUBANK,AU Small Finance Bank Ltd.,Financial Services,financial / utility (excluded by method)
AADHARHFC,Aadhar Housing Finance Ltd.,Financial Services,financial / utility (excluded by method)
AAVAS,Aavas Financiers Ltd.,Financial Services,financial / utility (excluded by method)
ADANIENSOL,Adani Energy Solutions Ltd.,Power,financial / utility (excluded by method)
ADANIGREEN,Adani Green Energy Ltd.,Power,financial / utility (excluded by method)
ADANIPOWER,Adani Power Ltd.,Power,financial / utility (excluded by method)
ATGL,Adani Total Gas Ltd.,Oil Gas & Consumable Fuels,financial / utility (excluded by method)
ABCAPITAL,Aditya Birla Capital Ltd.,Financial Services,financial / utility (excluded by method)
ABSLAMC,Aditya Birla Sun Life AMC Ltd.,Financial Services,financial / utility (excluded by method)
ANANDRATHI,Anand Rathi Wealth Ltd.,Financial Services,financial / utility (excluded by method)
ANGELONE,Angel One Ltd.,Financial Services,financial / utility (excluded by method)
APTUS,Aptus Value Housing Finance India Ltd.,Financial Services,financial / utility (excluded by method)
AIIL,Authum Investment & Infrastructure Ltd.,Financial Services,financial / utility (excluded by method)
AXISBANK,Axis Bank Ltd.,Financial Services,financial / utility (excluded by method)
BSE,BSE Ltd.,Financial Services,financial / utility (excluded by method)
BAGMANE,Bagmane Prime Office REIT,Realty,missing market cap
BAJFINANCE,Bajaj Finance Ltd.,Financial Services,financial / utility (excluded by method)
BAJAJFINSV,Bajaj Finserv Ltd.,Financial Services,financial / utility (excluded by method)
BAJAJHLDNG,Bajaj Holdings & Investment Ltd.,Financial Services,financial / utility (excluded by method)
BAJAJHFL,Bajaj Housing Finance Ltd.,Financial Services,financial / utility (excluded by method)
BANDHANBNK,Bandhan Bank Ltd.,Financial Services,financial / utility (excluded by method)
BANKBARODA,Bank of Baroda,Financial Services,financial / utility (excluded by method)
BANKINDIA,Bank of India,Financial Services,financial / utility (excluded by method)
MAHABANK,Bank of Maharashtra,Financial Services,financial / utility (excluded by method)
BHARATCOAL,Bharat Coking Coal Ltd.,Oil Gas & Consumable Fuels,missing market cap
GROWW,Billionbrains Garage Ventures Ltd.,Financial Services,financial / utility (excluded by method)
CESC,CESC Ltd.,Power,financial / utility (excluded by method)
CRISIL,CRISIL Ltd.,Financial Services,financial / utility (excluded by method)
CANFINHOME,Can Fin Homes Ltd.,Financial Services,financial / utility (excluded by method)
CANBK,Canara Bank,Financial Services,financial / utility (excluded by method)
CANHLIFE,Canara HSBC Life Insurance Company Ltd.,Financial Services,financial / utility (excluded by method)
CGCL,Capri Global Capital Ltd.,Financial Services,financial / utility (excluded by method)
CENTRALBK,Central Bank of India,Financial Services,financial / utility (excluded by method)
CDSL,Central Depository Services (India) Ltd.,Financial Services,financial / utility (excluded by method)
CMPDI,Central Mine Planning & Design Institute Ltd.,Services,missing market cap
CHOICEIN,Choice International Ltd.,Financial Services,financial / utility (excluded by method)
CHOLAHLDNG,Cholamandalam Financial Holdings Ltd.,Financial Services,financial / utility (excluded by method)
CHOLAFIN,Cholamandalam Investment and Finance Company Ltd.,Financial Services,financial / utility (excluded by method)
CUB,City Union Bank Ltd.,Financial Services,financial / utility (excluded by method)
CLEANMAX,Clean Max Enviro Energy Solutions Ltd.,Power,financial / utility (excluded by method)
CAMS,Computer Age Management Services Ltd.,Financial Services,financial / utility (excluded by method)
CREDITACC,CreditAccess Grameen Ltd.,Financial Services,financial / utility (excluded by method)
DUMMYHEG,Dummy HEG Ltd.,Metals & Mining,missing market cap
FEDERALBNK,Federal Bank Ltd.,Financial Services,financial / utility (excluded by method)
FIVESTAR,Five-Star Business Finance Ltd.,Financial Services,financial / utility (excluded by method)
GAIL,GAIL (India) Ltd.,Oil Gas & Consumable Fuels,financial / utility (excluded by method)
GICRE,General Insurance Corporation of India,Financial Services,financial / utility (excluded by method)
HDBFS,HDB Financial Services Ltd.,Financial Services,financial / utility (excluded by method)
HDFCAMC,HDFC Asset Management Company Ltd.,Financial Services,financial / utility (excluded by method)
HDFCBANK,HDFC Bank Ltd.,Financial Services,financial / utility (excluded by method)
HDFCLIFE,HDFC Life Insurance Company Ltd.,Financial Services,financial / utility (excluded by method)
HOMEFIRST,Home First Finance Company India Ltd.,Financial Services,financial / utility (excluded by method)
HUDCO,Housing & Urban Development Corporation Ltd.,Financial Services,financial / utility (excluded by method)
ICICIBANK,ICICI Bank Ltd.,Financial Services,financial / utility (excluded by method)
ICICIGI,ICICI Lombard General Insurance Company Ltd.,Financial Services,financial / utility (excluded by method)
ICICIAMC,ICICI Prudential Asset Management Company Ltd.,Financial Services,financial / utility (excluded by method)
ICICIPRULI,ICICI Prudential Life Insurance Company Ltd.,Financial Services,financial / utility (excluded by method)
IDBI,IDBI Bank Ltd.,Financial Services,financial / utility (excluded by method)
IDFCFIRSTB,IDFC First Bank Ltd.,Financial Services,financial / utility (excluded by method)
IFCI,IFCI Ltd.,Financial Services,financial / utility (excluded by method)
IIFL,IIFL Finance Ltd.,Financial Services,financial / utility (excluded by method)
INDIANB,Indian Bank,Financial Services,financial / utility (excluded by method)
IEX,Indian Energy Exchange Ltd.,Financial Services,financial / utility (excluded by method)
IOB,Indian Overseas Bank,Financial Services,financial / utility (excluded by method)
IRFC,Indian Railway Finance Corporation Ltd.,Financial Services,financial / utility (excluded by method)
IREDA,Indian Renewable Energy Development Agency Ltd.,Financial Services,financial / utility (excluded by method)
IGL,Indraprastha Gas Ltd.,Oil Gas & Consumable Fuels,financial / utility (excluded by method)
INDUSINDBK,IndusInd Bank Ltd.,Financial Services,financial / utility (excluded by method)
JMFINANCIL,JM Financial Ltd.,Financial Services,financial / utility (excluded by method)
JSWENERGY,JSW Energy Ltd.,Power,financial / utility (excluded by method)
JPPOWER,Jaiprakash Power Ventures Ltd.,Power,financial / utility (excluded by method)
J&KBANK,Jammu & Kashmir Bank Ltd.,Financial Services,financial / utility (excluded by method)
JIOFIN,Jio Financial Services Ltd.,Financial Services,financial / utility (excluded by method)
KARURVYSYA,Karur Vysya Bank Ltd.,Financial Services,financial / utility (excluded by method)
KFINTECH,Kfin Technologies Ltd.,Financial Services,financial / utility (excluded by method)
KOTAKBANK,Kotak Mahindra Bank Ltd.,Financial Services,financial / utility (excluded by method)
LTF,L&T Finance Ltd.,Financial Services,financial / utility (excluded by method)
LICHSGFIN,LIC Housing Finance Ltd.,Financial Services,financial / utility (excluded by method)
LICI,Life Insurance Corporation of India,Financial Services,financial / utility (excluded by method)
MGL,Mahanagar Gas Ltd.,Oil Gas & Consumable Fuels,financial / utility (excluded by method)
M&MFIN,Mahindra & Mahindra Financial Services Ltd.,Financial Services,financial / utility (excluded by method)
MANAPPURAM,Manappuram Finance Ltd.,Financial Services,financial / utility (excluded by method)
MFSL,Max Financial Services Ltd.,Financial Services,financial / utility (excluded by method)
MOTILALOFS,Motilal Oswal Financial Services Ltd.,Financial Services,financial / utility (excluded by method)
MCX,Multi Commodity Exchange of India Ltd.,Financial Services,financial / utility (excluded by method)
MUTHOOTFIN,Muthoot Finance Ltd.,Financial Services,financial / utility (excluded by method)
NHPC,NHPC Ltd.,Power,financial / utility (excluded by method)
NLCINDIA,NLC India Ltd.,Power,financial / utility (excluded by method)
NTPCGREEN,NTPC Green Energy Ltd.,Power,financial / utility (excluded by method)
NTPC,NTPC Ltd.,Power,financial / utility (excluded by method)
NAVA,Nava Ltd.,Power,financial / utility (excluded by method)
NESTLEIND,Nestle India Ltd.,Fast Moving Consumer Goods,missing balance-sheet items for ROC
NAM-INDIA,Nippon Life India Asset Management Ltd.,Financial Services,financial / utility (excluded by method)
NUVAMA,Nuvama Wealth Management Ltd.,Financial Services,financial / utility (excluded by method)
PAYTM,One 97 Communications Ltd.,Financial Services,financial / utility (excluded by method)
POLICYBZR,PB Fintech Ltd.,Financial Services,financial / utility (excluded by method)
PNBHOUSING,PNB Housing Finance Ltd.,Financial Services,financial / utility (excluded by method)
PINELABS,Pine Labs Ltd.,Financial Services,financial / utility (excluded by method)
PIRAMALFIN,Piramal Finance Ltd.,Financial Services,financial / utility (excluded by method)
POONAWALLA,Poonawalla Fincorp Ltd.,Financial Services,financial / utility (excluded by method)
PFC,Power Finance Corporation Ltd.,Financial Services,financial / utility (excluded by method)
POWERGRID,Power Grid Corporation of India Ltd.,Power,financial / utility (excluded by method)
PNB,Punjab National Bank,Financial Services,financial / utility (excluded by method)
RBLBANK,RBL Bank Ltd.,Financial Services,financial / utility (excluded by method)
RECLTD,REC Ltd.,Financial Services,financial / utility (excluded by method)
RPOWER,Reliance Power Ltd.,Power,financial / utility (excluded by method)
SBICARD,SBI Cards and Payment Services Ltd.,Financial Services,financial / utility (excluded by method)
SBILIFE,SBI Life Insurance Company Ltd.,Financial Services,financial / utility (excluded by method)
SJVN,SJVN Ltd.,Power,financial / utility (excluded by method)
SAMMAANCAP,Sammaan Capital Ltd.,Financial Services,financial / utility (excluded by method)
SHRIRAMFIN,Shriram Finance Ltd.,Financial Services,financial / utility (excluded by method)
ENRIN,Siemens Energy India Ltd.,Capital Goods,financial / utility (excluded by method)
STARHEALTH,Star Health and Allied Insurance Company Ltd.,Financial Services,financial / utility (excluded by method)
SBIN,State Bank of India,Financial Services,financial / utility (excluded by method)
SUNDARMFIN,Sundaram Finance Ltd.,Financial Services,financial / utility (excluded by method)
TATACAP,Tata Capital Ltd.,Financial Services,financial / utility (excluded by method)
TATAINVEST,Tata Investment Corporation Ltd.,Financial Services,financial / utility (excluded by method)
TATAPOWER,Tata Power Co. Ltd.,Power,financial / utility (excluded by method)
NIACL,The New India Assurance Company Ltd.,Financial Services,financial / utility (excluded by method)
TORNTPOWER,Torrent Power Ltd.,Power,financial / utility (excluded by method)
UCOBANK,UCO Bank,Financial Services,financial / utility (excluded by method)
UTIAMC,UTI Asset Management Company Ltd.,Financial Services,financial / utility (excluded by method)
UNIONBANK,Union Bank of India,Financial Services,financial / utility (excluded by method)
VEDPOWER,Vedanta Power Ltd.,Power,financial / utility (excluded by method)
YESBANK,Yes Bank Ltd.,Financial Services,financial / utility (excluded by method)
ABREL,Aditya Birla Real Estate Ltd.,Realty,EBIT <= 0 (loss-making at operating level)
ATHERENERG,Ather Energy Ltd.,Automobile and Auto Components,EBIT <= 0 (loss-making at operating level)
FIRSTCRY,Brainbees Solutions Ltd.,Consumer Services,EBIT <= 0 (loss-making at operating level)
DELHIVERY,Delhivery Ltd.,Services,EBIT <= 0 (loss-making at operating level)
EIDPARRY,E.I.D. Parry (India) Ltd.,Fast Moving Consumer Goods,holding company: minority interest > 20% of market cap (EV unreliable)
ETERNAL,Eternal Ltd.,Consumer Services,EBIT <= 0 (loss-making at operating level)
GODREJIND,Godrej Industries Ltd.,Diversified,holding company: minority interest > 20% of market cap (EV unreliable)
GODREJPROP,Godrej Properties Ltd.,Realty,EBIT <= 0 (loss-making at operating level)
GRASIM,Grasim Industries Ltd.,Construction Materials,holding company: minority interest > 20% of market cap (EV unreliable)
ITI,ITI Ltd.,Telecommunication,EBIT <= 0 (loss-making at operating level)
MMTC,MMTC Ltd.,Services,EBIT <= 0 (loss-making at operating level)
MEESHO,Meesho Ltd.,Consumer Services,EBIT <= 0 (loss-making at operating level)
OLAELEC,Ola Electric Mobility Ltd.,Automobile and Auto Components,EBIT <= 0 (loss-making at operating level)
ONESOURCE,Onesource Specialty Pharma Ltd.,Healthcare,EBIT <= 0 (loss-making at operating level)
PWL,Physicswallah Ltd.,Consumer Services,EBIT <= 0 (loss-making at operating level)
SIGNATURE,Signatureglobal (India) Ltd.,Realty,EBIT <= 0 (loss-making at operating level)
SWANCORP,Swan Corp Ltd.,Chemicals,EBIT <= 0 (loss-making at operating level)
SWIGGY,Swiggy Ltd.,Consumer Services,EBIT <= 0 (loss-making at operating level)
TMPV,Tata Motors Passenger Vehicles Ltd.,Automobile and Auto Components,EBIT <= 0 (loss-making at operating level)
TEJASNET,Tejas Networks Ltd.,Telecommunication,EBIT <= 0 (loss-making at operating level)
URBANCO,Urban Company Ltd.,Consumer Services,EBIT <= 0 (loss-making at operating level)
VAML,Vedanta Aluminium Metal Ltd.,Metals & Mining,EBIT <= 0 (loss-making at operating level)
VEDL,Vedanta Ltd.,Metals & Mining,holding company: minority interest > 20% of market cap (EV unreliable)
VOGL,Vedanta Oil and Gas Ltd.,Oil Gas & Consumable Fuels,EBIT <= 0 (loss-making at operating level)
IDEA,Vodafone Idea Ltd.,Telecommunication,EBIT <= 0 (loss-making at operating level)
