magic_formula_rank,symbol,company,nse_industry,balance_sheet_date,ebit_source,financialCurrency,statement_currency,fx_applied,marketCap_cr,revenue_cr,ebit_cr,current_assets_cr,cash_and_st_investments_cr,current_liabilities_cr,current_debt_cr,nwc_raw_cr,nwc_cr,net_fixed_assets_cr,capital_employed_cr,total_debt_cr,minority_interest_cr,preferred_equity_cr,enterprise_value_cr,roc,roc_rank,earnings_yield,ey_rank,combined_score
1,HCLTECH,HCL Technologies Ltd.,Information Technology,2026-03-31,Operating Income,USD,INR,1.0,336353.8469,130144.0,40819.0,70542.0,30615.0,31826.0,1998.0,10099.0,10099.0,8321.0,18420.0,5215.0,32.0,,310985.8469,2.216,13,0.1313,15,28
2,ZENSARTECH,Zensar Technolgies Ltd.,Information Technology,2026-03-31,Operating Income,INR,INR,1.0,9851.0348,5687.4,838.6,4050.3,2587.3,1150.0,35.1,348.1,348.1,174.6,522.7,79.3,,,7343.0348,1.6044,21,0.1142,18,39
3,BSOFT,Birlasoft Ltd.,Information Technology,2026-03-31,Operating Income,INR,INR,1.0,7543.4787,5309.958,802.728,3917.101,2442.744,912.196,30.24,592.401,592.401,235.155,827.556,140.741,,,5241.4757,0.97,41,0.1531,7,48
4,BLS,BLS International Services Ltd.,Consumer Services,2026-03-31,Operating Income,INR,INR,1.0,8909.8674,2998.2151,755.7284,1825.7525,1513.7957,625.918,103.2062,-210.755,0.0,457.6921,457.6921,430.5752,320.2,,8146.8469,1.6512,19,0.0928,29,48
5,KPITTECH,KPIT Technologies Ltd.,Information Technology,2026-03-31,Operating Income,INR,INR,1.0,13393.58,6454.931,1045.112,2896.146,1493.437,2811.745,427.864,-981.172,0.0,627.096,627.096,838.387,7.969,,12746.499,1.6666,18,0.082,35,53
6,WIPRO,Wipro Ltd.,Information Technology,2026-03-31,Operating Income,INR,INR,1.0,157650.3869,92624.0,14912.6,82635.4,54362.5,40323.2,17462.1,5411.8,5411.8,11007.4,16419.2,20291.0,250.9,,123829.7869,0.9082,44,0.1204,16,60
7,CASTROLIND,Castrol India Ltd.,Oil Gas & Consumable Fuels,2025-12-31,Operating Income,INR,INR,1.0,19687.4912,5700.32,1249.09,2344.68,1123.13,1408.23,21.27,-165.41,0.0,404.77,404.77,62.81,,,18627.1712,3.0859,7,0.0671,53,60
8,TCS,Tata Consultancy Services Ltd.,Information Technology,2026-03-31,Operating Income,INR,INR,1.0,750753.16,267021.0,67022.0,135705.0,41373.0,60914.0,1830.0,35248.0,35248.0,25100.0,60348.0,11283.0,1238.0,,721901.16,1.1106,35,0.0928,28,63
9,INFY,Infosys Ltd.,Information Technology,2026-03-31,Operating Income,USD,USD,94.3559,419210.566,190202.6305,38582.129,102961.162,35402.335,52046.7164,3142.0516,18654.1621,18654.1621,19409.0094,38063.1715,9124.2159,509.5219,,393441.9688,1.0136,40,0.0981,24,64
10,SUNTV,Sun TV Network Ltd.,Media Entertainment & Publication,2026-03-31,Operating Income,INR,INR,1.0,23641.1372,4334.82,1498.04,8454.62,6629.97,1083.92,21.25,761.98,761.98,831.96,1593.94,105.93,16.5,,17133.5972,0.9398,42,0.0874,30,72
11,ITC,ITC Ltd.,Fast Moving Consumer Goods,2026-03-31,Operating Income,INR,INR,1.0,320655.9302,78213.28,25595.54,50708.41,23490.77,16687.27,2198.5,12728.87,12728.87,19646.89,32375.76,2399.36,365.72,,299930.2402,0.7906,50,0.0853,31,81
12,HEXT,Hexaware Technologies Ltd.,Information Technology,2025-12-31,Operating Income,INR,INR,1.0,29907.2487,13430.4,1840.7,5047.7,2167.7,3510.3,127.5,-502.8,0.0,1424.9,1424.9,680.7,-3.2,,28417.0487,1.2918,27,0.0648,58,85
13,HEROMOTOCO,Hero MotoCorp Ltd.,Automobile and Auto Components,2026-03-31,Operating Income,INR,INR,1.0,103432.9719,47048.39,6203.87,18904.53,12941.27,9904.33,559.55,-3381.52,0.0,5919.94,5919.94,778.61,199.83,,91470.1419,1.048,37,0.0678,51,88
14,HINDZINC,Hindustan Zinc Ltd.,Metals & Mining,2026-03-31,Operating Income,INR,INR,1.0,234526.317,39192.0,18495.0,16600.0,13651.0,11274.0,3927.0,-4398.0,0.0,24069.0,24069.0,8833.0,,,229708.317,0.7684,52,0.0805,39,91
15,NATIONALUM,National Aluminium Co. Ltd.,Metals & Mining,2026-03-31,Operating Income,INR,INR,1.0,61508.7997,17729.23,7212.21,11620.31,8482.17,3224.23,7.43,-78.66,0.0,14189.7,14189.7,202.11,,,53228.7397,0.5083,79,0.1355,13,92
16,MPHASIS,MphasiS Ltd.,Information Technology,2026-03-31,Operating Income,INR,INR,1.0,42937.6537,15879.647,2428.114,8267.079,3172.279,6009.55,2009.689,1094.939,1094.939,972.387,2067.326,2619.676,,,42385.0507,1.1745,32,0.0573,71,103
17,RITES,RITES Ltd.,Construction,2026-03-31,Operating Income,INR,INR,1.0,10067.6878,2404.82,498.93,4458.82,2939.84,2664.93,1.69,-1144.26,0.0,668.63,668.63,6.59,112.79,,7247.2278,0.7462,57,0.0688,49,106
18,AVANTIFEED,Avanti Feeds Ltd.,Fast Moving Consumer Goods,2026-03-31,Operating Income,INR,INR,1.0,9694.5578,5974.6136,688.9032,2832.9338,1653.1146,507.8699,3.6701,675.6194,675.6194,616.3748,1291.9942,13.2346,421.9415,,8476.6193,0.5332,75,0.0813,38,113
19,ASHOKLEY,Ashok Leyland Ltd.,Capital Goods,2026-03-31,Operating Income,INR,INR,1.0,88389.7608,56076.03,11001.36,43742.32,17005.79,33117.68,17716.97,11335.82,11335.82,8535.57,19871.39,63935.7,4304.55,,139624.2208,0.5536,72,0.0788,42,114
20,CHENNPETRO,Chennai Petroleum Corporation Ltd.,Oil Gas & Consumable Fuels,2026-03-31,Operating Income,INR,INR,1.0,20049.4301,63550.75,4459.54,11727.95,1168.67,7226.24,1633.34,4966.38,4966.38,7489.7,12456.08,1964.16,,,20844.9201,0.358,112,0.2139,3,115
