Company Name,Industry,Symbol
Reliance Industries Ltd.,Oil Gas & Consumable Fuels,RELIANCE
Tata Consultancy Services Ltd.,Information Technology,TCS
Infosys Ltd.,Information Technology,INFY
HCL Technologies Ltd.,Information Technology,HCLTECH
Wipro Ltd.,Information Technology,WIPRO
Tech Mahindra Ltd.,Information Technology,TECHM
LTIMindtree Ltd.,Information Technology,LTIM
Persistent Systems Ltd.,Information Technology,PERSISTENT
Coforge Ltd.,Information Technology,COFORGE
Mphasis Ltd.,Information Technology,MPHASIS
Oracle Financial Services Software Ltd.,Information Technology,OFSS
Tata Elxsi Ltd.,Information Technology,TATAELXSI
KPIT Technologies Ltd.,Information Technology,KPITTECH
Hindustan Unilever Ltd.,Fast Moving Consumer Goods,HINDUNILVR
ITC Ltd.,Fast Moving Consumer Goods,ITC
Nestle India Ltd.,Fast Moving Consumer Goods,NESTLEIND
Britannia Industries Ltd.,Fast Moving Consumer Goods,BRITANNIA
Dabur India Ltd.,Fast Moving Consumer Goods,DABUR
Marico Ltd.,Fast Moving Consumer Goods,MARICO
Colgate Palmolive (India) Ltd.,Fast Moving Consumer Goods,COLPAL
Godrej Consumer Products Ltd.,Fast Moving Consumer Goods,GODREJCP
Tata Consumer Products Ltd.,Fast Moving Consumer Goods,TATACONSUM
United Spirits Ltd.,Fast Moving Consumer Goods,UNITDSPR
Procter & Gamble Hygiene and Health Care Ltd.,Fast Moving Consumer Goods,PGHH
Maruti Suzuki India Ltd.,Automobile and Auto Components,MARUTI
Mahindra & Mahindra Ltd.,Automobile and Auto Components,M&M
Tata Motors Ltd.,Automobile and Auto Components,TATAMOTORS
Bajaj Auto Ltd.,Automobile and Auto Components,BAJAJ-AUTO
Hero MotoCorp Ltd.,Automobile and Auto Components,HEROMOTOCO
Eicher Motors Ltd.,Automobile and Auto Components,EICHERMOT
TVS Motor Company Ltd.,Automobile and Auto Components,TVSMOTOR
Bosch Ltd.,Automobile and Auto Components,BOSCHLTD
MRF Ltd.,Automobile and Auto Components,MRF
Samvardhana Motherson International Ltd.,Automobile and Auto Components,MOTHERSON
Ashok Leyland Ltd.,Automobile and Auto Components,ASHOKLEY
Sun Pharmaceutical Industries Ltd.,Healthcare,SUNPHARMA
Dr. Reddy's Laboratories Ltd.,Healthcare,DRREDDY
Cipla Ltd.,Healthcare,CIPLA
Divi's Laboratories Ltd.,Healthcare,DIVISLAB
Lupin Ltd.,Healthcare,LUPIN
Torrent Pharmaceuticals Ltd.,Healthcare,TORNTPHARM
Zydus Lifesciences Ltd.,Healthcare,ZYDUSLIFE
Aurobindo Pharma Ltd.,Healthcare,AUROPHARMA
Apollo Hospitals Enterprise Ltd.,Healthcare,APOLLOHOSP
Abbott India Ltd.,Healthcare,ABBOTINDIA
Tata Steel Ltd.,Metals & Mining,TATASTEEL
JSW Steel Ltd.,Metals & Mining,JSWSTEEL
Hindalco Industries Ltd.,Metals & Mining,HINDALCO
Vedanta Ltd.,Metals & Mining,VEDL
Coal India Ltd.,Oil Gas & Consumable Fuels,COALINDIA
NMDC Ltd.,Metals & Mining,NMDC
Hindustan Zinc Ltd.,Metals & Mining,HINDZINC
Jindal Steel & Power Ltd.,Metals & Mining,JINDALSTEL
Oil & Natural Gas Corporation Ltd.,Oil Gas & Consumable Fuels,ONGC
Bharat Petroleum Corporation Ltd.,Oil Gas & Consumable Fuels,BPCL
Indian Oil Corporation Ltd.,Oil Gas & Consumable Fuels,IOC
GAIL (India) Ltd.,Oil Gas & Consumable Fuels,GAIL
Petronet LNG Ltd.,Oil Gas & Consumable Fuels,PETRONET
Oil India Ltd.,Oil Gas & Consumable Fuels,OIL
Larsen & Toubro Ltd.,Construction,LT
Bharat Electronics Ltd.,Capital Goods,BEL
Hindustan Aeronautics Ltd.,Capital Goods,HAL
Siemens Ltd.,Capital Goods,SIEMENS
ABB India Ltd.,Capital Goods,ABB
Cummins India Ltd.,Capital Goods,CUMMINSIND
Havells India Ltd.,Consumer Durables,HAVELLS
Polycab India Ltd.,Capital Goods,POLYCAB
Bharat Heavy Electricals Ltd.,Capital Goods,BHEL
Cochin Shipyard Ltd.,Capital Goods,COCHINSHIP
Mazagon Dock Shipbuilders Ltd.,Capital Goods,MAZDOCK
UltraTech Cement Ltd.,Construction Materials,ULTRACEMCO
Grasim Industries Ltd.,Construction Materials,GRASIM
Shree Cement Ltd.,Construction Materials,SHREECEM
Ambuja Cements Ltd.,Construction Materials,AMBUJACEM
Asian Paints Ltd.,Consumer Durables,ASIANPAINT
Titan Company Ltd.,Consumer Durables,TITAN
Berger Paints India Ltd.,Consumer Durables,BERGEPAINT
Voltas Ltd.,Consumer Durables,VOLTAS
Dixon Technologies (India) Ltd.,Consumer Durables,DIXON
Page Industries Ltd.,Textiles,PAGEIND
Pidilite Industries Ltd.,Chemicals,PIDILITIND
SRF Ltd.,Chemicals,SRF
UPL Ltd.,Chemicals,UPL
Solar Industries India Ltd.,Chemicals,SOLARINDS
Coromandel International Ltd.,Chemicals,COROMANDEL
PI Industries Ltd.,Chemicals,PIIND
Bharti Airtel Ltd.,Telecommunication,BHARTIARTL
Indus Towers Ltd.,Telecommunication,INDUSTOWER
Info Edge (India) Ltd.,Consumer Services,NAUKRI
Trent Ltd.,Consumer Services,TRENT
Avenue Supermarts Ltd.,Consumer Services,DMART
Indian Railway Catering And Tourism Corporation Ltd.,Consumer Services,IRCTC
Eternal Ltd.,Consumer Services,ETERNAL
InterGlobe Aviation Ltd.,Services,INDIGO
Adani Ports and Special Economic Zone Ltd.,Services,ADANIPORTS
Container Corporation of India Ltd.,Services,CONCOR
Adani Enterprises Ltd.,Metals & Mining,ADANIENT
DLF Ltd.,Realty,DLF
Godrej Properties Ltd.,Realty,GODREJPROP
NTPC Ltd.,Power,NTPC
Power Grid Corporation of India Ltd.,Power,POWERGRID
Tata Power Co. Ltd.,Power,TATAPOWER
HDFC Bank Ltd.,Financial Services,HDFCBANK
ICICI Bank Ltd.,Financial Services,ICICIBANK
State Bank of India,Financial Services,SBIN
Bajaj Finance Ltd.,Financial Services,BAJFINANCE
Kotak Mahindra Bank Ltd.,Financial Services,KOTAKBANK
